SERIES_ID,SUB_CATEGORY,TITLE,GENRE,SERIES_RATING,SEASON_NUM,SERIES_OVERVIEW,CAST,CREW,LOGO,POSTER,TRAILER
79,시리즈,Dora the Explorer,"Action & Adventure, Animation, Family, Kids",ALL,8,A young girl named Dora goes on adventures with her red boot-wearing monkey named Boots.,"Kathleen Herles, Marc Weiner, Caitlin Sanchez","Dan Smith, Chris Gifford",https://image.tmdb.org/t/p/original/iukvBmJ1tj3TGzDaCBHohpmNL8e.png,https://image.tmdb.org/t/p/original/wuZAi6JPdlX68s1p7iztmt0p13C.jpg,https://www.youtube.com/watch?v=None
95,시리즈,버피와 뱀파이어,"Sci-Fi & Fantasy, 코미디, 드라마, Action & Adventure",15,7,전설로만 내려오고 있는 뱀파이어 슬레이어의 숙명을 지니고 살아가는 평범한 여학생이 친구들과 많은 조력자들과 함께 뱀파이어 및 괴물들을 퇴치해나가는 이야기,"사라 미셸 갤러, Nicholas Brendon, 앨리슨 해니건","드류 고다드, Drew Z. Greenberg, Rebecca Rand Kirshner",https://image.tmdb.org/t/p/original/5l2r7nv4dGWq1YQWaqBRe0FkQhi.png,https://image.tmdb.org/t/p/original/41jsOEYsh9lJBc6AZqGpR1ETpx5.jpg,https://www.youtube.com/watch?v=-1v_q6TWAL4
105,시리즈,섹스 앤 더 시티,"코미디, 드라마",19,6,"서로 다른 개성을 가진 네 여자의 '성 담론'을 소재로 한 이야기. 미국 HBO에서 제작 및 방영한 텔레비전 드라마이다. 이 작품은 1998년부터 2004년까지 총 여섯 시즌으로 방영됐다. 뉴욕 시에 생활하는 30대 중반 3명과 40대 1명 이렇게 4명의 여성에 초점이 맞춰졌다. 변덕스러운 드라마/코미디가 다수의 지속하는 이야기 선들을 가졌었고 예를 들어 성병, 안전한 섹스, 다양한 파트너들, 난교와 같은 사회적으로 관련있는 이슈들을 다뤘었다.","사라 제시카 파커, 킴 캐트럴, Cynthia Nixon",Wendey Stanzler,https://image.tmdb.org/t/p/original/5McnxtDCZBmq5E33HS9rmkHlk52.png,https://image.tmdb.org/t/p/original/jfLp8gTfdi9d8onEFJ60kp1Bl1e.jpg,https://www.youtube.com/watch?v=b58gZlXm2yI
106,시리즈,The Andy Griffith Show,"Comedy, Family",,8,"The Andy Griffith Show is an American sitcom first televised on CBS between October 3, 1960 and April 1, 1968. Andy Griffith portrays the widowed sheriff of the fictional small community of Mayberry, North Carolina. His life is complicated by an inept, but well-meaning deputy, Barney Fife, a spinster aunt and housekeeper, Aunt Bee, and a precocious young son, Opie. Local ne'er-do-wells, bumbling pals, and temperamental girlfriends further complicate his life. Andy Griffith stated in a Today Show interview, with respect to the time period of the show: ""Well, though we never said it, and though it was shot in the '60s, it had a feeling of the '30s. It was when we were doing it, of a time gone by.""

The series never placed lower than seventh in the Nielsen ratings and ended its final season at number one. It has been ranked by TV Guide as the 9th-best show in American television history. Though neither Griffith nor the show won awards during its eight-season run, series co-stars Knotts and Bavier accumulated a combined total of six Emmy Awards. The show, a semi-spin-off from an episode of The Danny Thomas Show titled ""Danny Meets Andy Griffith"", spawned its own spin-off series, Gomer Pyle, U.S.M.C., a sequel series, Mayberry R.F.D., and a reunion telemovie, Return to Mayberry. The show's enduring popularity has generated a good deal of show-related merchandise. Reruns currently air on TV Land, and the complete series is available on DVD. All eight seasons are also now available by streaming video services such as Netflix.","Andy Griffith, Ron Howard, Frances Bavier","Fred Roos, Bob Ross, Earle Hagen",,https://image.tmdb.org/t/p/original/smOam7qXPnqlfDlMx4I0UxK5ULB.jpg,https://www.youtube.com/watch?v=TvSXdO7SDCE
121,시리즈,닥터 후,"드라마, Action & Adventure, Sci-Fi & Fantasy",12,26,'타디스'를 타고 미래와 과거를 넘나들며 외계로부터 지구를 지키기 위해 싸우는 닥터의 시간 여행 이야기,Sylvester McCoy,John Nathan-Turner,https://image.tmdb.org/t/p/original/ravZWAkRX4EMAfGlR9BtMXdvurO.png,https://image.tmdb.org/t/p/original/xinqAmYrZ1TEwowcQhgTkZVtVE0.jpg,https://www.youtube.com/watch?v=_iSzCV3C-50
269,시리즈,One Tree Hill,Drama,16,9,"In Tree Hill, North Carolina two half brothers share a last name and nothing else. Brooding, blue-collar Lucas is a talented street-side basketball player, but his skills are appreciated only by his friends at the river court. Popular, affluent Nathan basks in the hero-worship of the town, as the star of his high school team. And both boys are the son of former college ball player Dan Scott whose long ago choice to abandon Lucas and his mother Karen, will haunt him long into his life with wife Deb and their son Nathan.","James Lafferty, Bethany Joy Lenz, Sophia Bush","Mike Kelley, Michael Tollin, Mark Schwahn",https://image.tmdb.org/t/p/original/oEcHVvhnD4XHwdbR7Bg2F7y2vZB.png,https://image.tmdb.org/t/p/original/sOrelBaAhp7DZbPTivDwKEyPslC.jpg,https://www.youtube.com/watch?v=GIFbz7uTOKI
314,시리즈,스타 트렉: 엔터프라이즈,"Sci-Fi & Fantasy, Action & Adventure, 드라마",12,4,"이 시리즈는 United Federation of Planets이 창설되기 10년 전, 대략 오리지널 시리즈의 100년 전 시대에서 시작한다. 시리즈는 Earth starship Enterprise (NX-01)의 승무원에 의한 우주 탐험을 그리고 있다. ""엔터프라이즈 NX-01""은 2151년 지구에서 취역하였으며, 발사 시에는 통상적으로 워프5 (약 256광속)가 최대 속력으로 여겨졌다. 이는 당시까지 발사된 그 어떤 인류의 우주선보다도 빠른 수치였다. 선장은 조나단 아처 이다. 시즌 4 만에 조기 종영되었다.","Scott Bakula, Jolene Blalock, Connor Trinneer","John Shiban, Manny Coto, Brannon Braga",https://image.tmdb.org/t/p/original/rOcqIDRTJltzOm8fXc7FBXA3X9S.png,https://image.tmdb.org/t/p/original/tsbBTABtNgu0ycsFpnIhiQ5woOM.jpg,https://www.youtube.com/watch?v=urYH6xEyXw0
474,시리즈,Nash Bridges,"Action & Adventure, Drama",,6,Fun-loving San Francisco Police Department investigator Nash Bridges is part of the elite Special Investigations Unit. He tackles crime using his keen sense of humor and charm. Joe Dominguez comes out of retirement to become Bridges' wisecracking yet more rule-abiding partner.,"Don Johnson, Cheech Marin, Jodi Lyn O'Keefe","Daryl Tucker, Carlton Cuse",https://image.tmdb.org/t/p/original/kr0BXyB4mSeQmAqGK0Uwt6KOFdh.png,https://image.tmdb.org/t/p/original/hJeHSCFoxWN2Pt2lg56CKOi9g87.jpg,https://www.youtube.com/watch?v=None
496,시리즈,Family Ties,"Comedy, Drama, Family",12,7,"Former 1960s flower children Steven and Elyse Keaton raise their conservative son Alex, daughters Mallory and Jennifer, and later, youngest child Andrew.","Meredith Baxter, Michael Gross, Michael J. Fox","Gary David Goldberg, Lloyd Garver, Gary David Goldberg",https://image.tmdb.org/t/p/original/gq0NEOo3W05vn3tfPL2M4cuu2q7.png,https://image.tmdb.org/t/p/original/3JVBzBToscU4uCyA67piI1RNarz.jpg,https://www.youtube.com/watch?v=None
517,시리즈,The Ultimate Fighter: Team McGregor vs. Team Chandler,Reality,,31,"The Ultimate Fighter is an American reality television series and mixed martial arts (MMA) competition produced by the Ultimate Fighting Championship (UFC) and Pilgrim Media Group currently airing on ESPN+. It previously aired for fourteen seasons on Spike TV. The show features professional MMA fighters living together in Las Vegas, Nevada, and follows them as they train and compete against each other for a prized six-figure contract with the UFC. The series debuted on January 17, 2005.","Dana White, Conor McGregor, Michael Chandler",,https://image.tmdb.org/t/p/original/6JrkjcJPyrOiO89VTNJTFKn1AzI.png,https://image.tmdb.org/t/p/original/k3NlkqDeYmKTsx7QIQWjXXo0DeW.jpg,https://www.youtube.com/watch?v=None
549,시리즈,로 앤 오더,"범죄, 드라마",19,23,추악한 성범죄자를 쫓아 사건을 해결하는 특별수사단의 통쾌한 활약을 그린 수사시리즈,"샘 워터스턴, Hugh Dancy, Odelya Halevi","David Shore, Arthur Penn, William M. Finkelstein",https://image.tmdb.org/t/p/original/uj8ohBxXBujyOASLEEPBwhI9FdH.png,https://image.tmdb.org/t/p/original/m9zTQr4TYS98UFSiA1k0mMfECPe.jpg,https://www.youtube.com/watch?v=RzN8cPlcMTU
580,시리즈,스타 트렉: 딥 스페이스 나인,"Sci-Fi & Fantasy, Action & Adventure, 드라마",12,7,"스타트렉 시리즈 중 유일하게 함선이 아닌 기지가 주 무대이며, 우주 속의 모험에 집중되어 있는 타 시리즈들보다 개개인 사이의 드라마에 촛점이 맞춰져 있다. 스타 트렉 시리즈의 창시자 진 로덴베리가 1991년 별세하고 난 뒤 방영을 시작해서 로덴베리가 참여하지 않은 첫 스타트렉 스핀오프이기도 하다. 벤자민 시스코 (사령관), 줄리안 바시어 (의료장교)등의 새로운 인물이 등장하며, 체인지링 인 오도 (보안실장), 페렝기 인 쿼크 (주점 운영), 트릴 인 자드지아 젝스 (과학장교)등을 비롯, TNG보다 한층 다양한 외계인 레귤러들이 등장한다.

전작인 TNG와는 방영시기가 겹치기도 하고 동일한 시간대를 공유하고 있는데, 그래서 피카드 함장을 등장시킨 첫 에피소드 같은 크로스오버 에피소드들이 몇 있었으며, TNG의 레귤러였던 마일즈 오브라이언 (기관실장)이 시즌 1부터, 주연급이었던 클링온 장교 워프 (작전장교)가 시즌 4에서부터 캐스팅에 합류되었다. 시즌 5 에피소드 6에서는 우주력 4527.3의 USS 엔터프라이즈 (NCC-1701, 오리지널)이 등장하며 TOS의 거의 모든 인물이 등장한다.","Avery Brooks, Nana Visitor, Colm Meaney","Gene Roddenberry, Michael Piller, Ira Steven Behr",https://image.tmdb.org/t/p/original/dhasfda89cwjuKdJmFC3daFs1BI.png,https://image.tmdb.org/t/p/original/37gPCTyiQOLa9vJeKrpX4HqRq6P.jpg,https://www.youtube.com/watch?v=cwNFUgYWGG4
605,시리즈,"Sabrina, the Teenage Witch","Comedy, Family, Sci-Fi & Fantasy, Kids",12,7,"On her sixteenth birthday, Sabrina Spellman discovers she has magical powers. She lives with her 600-year-old aunts Hilda and Zelda as well as talking cat Salem in the fictional town of Westbridge, Massachusetts.","Melissa Joan Hart, Elisa Donovan, Soleil Moon Frye","Paula Hart, Nick Bakay",https://image.tmdb.org/t/p/original/a0L2oBoJAY1uEFl05QpE3001R5g.png,https://image.tmdb.org/t/p/original/yGuzsFLr9s4kr9H7NbgrFiaIfUc.jpg,https://www.youtube.com/watch?v=LwwSOH6dWUw
655,시리즈,스타 트렉: 넥스트 제너레이션,"Sci-Fi & Fantasy, Action & Adventure, 드라마, 미스터리",12,7,"배경은 ""오리지널 시리즈""로부터 대략 100년 후로 설정되어 있으며, 2363년 10월 4일 새롭게 취역한 엔터프라이즈-D와 장 뤽 피카드 함장이 출연한다. 본 시리즈에서는 또한 베타조이드 혼혈인 디애나 트로이와 스타플릿 최초의 클링온 장교인 워프 등과 같은 외계 종족의 승무원이 등장하였다. 1987년 9월 28에 시작하여 1994년 5월 23일을 끝으로 7 시즌간 방영되었다. 이전 시리즈와는 달리, 네트워크 방송사에 공중파로 방송되지 않고 프로그램이 배급되었다. 《스타 트렉》의 다른 어떤 시리즈보다 호평을 받았으며, 방송 후반부에는 배급률 1위를 차지하였다. 최종 시즌은 에미상 최고 드라마 시리즈 부분의 수상 후보로 거명되었다. “The Big Good-bye”화는 우수 TV 프로그램 부분 피보디상을 수여받았다.","패트릭 스튜어트, Jonathan Frakes, Brent Spiner","Rick Berman, Jeri Taylor, D.C. Fontana",https://image.tmdb.org/t/p/original/9IuUU8a7brKkVjK77afeBww7yUK.png,https://image.tmdb.org/t/p/original/vkLzXddgUKH5VcpnYiRzpJFrZhz.jpg,https://www.youtube.com/watch?v=VKjwh9N5O4Q
688,시리즈,웨스트 윙,드라마,12,7,"1999년에 시작된 '웨스트 윙 시리즈'는 미국 정치의 중심인 백악관에 펼쳐지는 다양한 정치적 실체를 드라마로 재구성하여 현재까지 소비자들의 많은 사랑을 받고 있다. 시즌 1부터 4까지 에미상에서 TV 드라마 부문 최우수작품상을 연속 수상했던, 미드 정치드라마의 표본.","마틴 쉰, 앨리슨 제니, Richard Schiff","John Wells, Thomas Schlamme, Kevin Falls",https://image.tmdb.org/t/p/original/43zQoHS1Ku4qIonyIlglCXnFaGB.png,https://image.tmdb.org/t/p/original/yqDWr5NAE7m1IWrygYwLyEB6pN0.jpg,https://www.youtube.com/watch?v=S1-ip47WYWc
720,시리즈,욕심쟁이 오리아저씨,"가족, 애니메이션, 미스터리, Sci-Fi & Fantasy, 코미디",6,4,"디즈니 캐릭터인 스크루지 맥덕과 도날드 덕의 세 조카 휴이,듀이,루이가 주인공으로 그들의 모험과 가족애를 그린 작품","Alan Young, Russi Taylor, Terence McGovern","Mark Mueller, Ron Jones, Jeff Pescetto",https://image.tmdb.org/t/p/original/rx0din6FtPgTy5ZRAI2JuOCH283.png,https://image.tmdb.org/t/p/original/muplnM90daPCQ5Bn1olcwN1EO22.jpg,https://www.youtube.com/watch?v=nqZ_Cb2slBw
764,시리즈,Midsomer Murders,"Crime, Drama, Mystery",12,24,"The peacefulness of the Midsomer community is shattered by violent crimes, suspects are placed under suspicion, and it is up to a veteran DCI and his young sergeant to calmly and diligently eliminate the innocent and ruthlessly pursue the guilty. ","Neil Dudgeon, Nick Hendrix, Fiona Dolman","Kirsten Gair, Caroline Graham, Jim Parker",https://image.tmdb.org/t/p/original/m2Jiqj8b4OjkjBHfp2px8gucB4h.png,https://image.tmdb.org/t/p/original/pz7tsWxe0TTdfJnWPjZAEnrSl5M.jpg,https://www.youtube.com/watch?v=ym8b4UJDqcw
790,시리즈,아가사 크리스티 - 명탐정 포와로,"범죄, 드라마, 미스터리",15,13,"미스터리 추리 소설의 여왕, 아가사 크리스티의 작품을 영상화한 시리즈. 멋진 콧수염이 트레이드 마크인 벨기에 출신의 명탐정 에르큘 포와로가 미궁에 빠진 사건들을 해결한다.",David Suchet,"Nick Elliott, Brian Eastman, Agatha Christie",https://image.tmdb.org/t/p/original/g3gtnZthA2Pg3wAASsNcMn5HivZ.png,https://image.tmdb.org/t/p/original/6f4IVfbn8knb7RjdZlGLuW5guDc.jpg,https://www.youtube.com/watch?v=_4ypEmJlfn8
799,시리즈,셜록 홈즈,"범죄, 드라마, 미스터리",,7,"《셜록 홈즈》(영어: Sherlock Holmes)는 영국 그라나다 TV가 제작한 텔레비전 드라마이다. 1984년부터 1994년까지 10년 동안 방영됐다. 원작자 아서 코난 도일은 셜록 홈즈 시리즈를 60편 썼는데 이중 42편이 드라마로 제작됐다. 주인공 셜록 홈즈는 배우 제레미 브렛이 맡았고, 셜록의 파트너 닥터 왓슨은 데이비드 버크가 맡았다가 에드워드 하드위크로 교체됐다.","Jeremy Brett, Edward Hardwicke, Rosalie Williams","Michael Cox, Arthur Conan Doyle",https://image.tmdb.org/t/p/original/wLYUSvuk295W3jE1yAJPtcdp6Gx.png,https://image.tmdb.org/t/p/original/thC0OuUvfGbOcoJ3aY5L4vlO6lA.jpg,https://www.youtube.com/watch?v=LMAroBYfJxs
873,시리즈,형사 콜롬보,"범죄, 드라마, 미스터리",12,10,"후줄근한 옷차림에 의미 없는 잡담을 늘어 놓다가, 날카로운 질문으로 간담을 서늘하게 만드는 LA 경찰청의 형사 콜롬보. 드라마 도입부에 살인범이 먼저 밝혀지고, 범인의 완벽한 계획 범죄가 콜롬보에 의해 밝혀지며 사건이 해결되는 형식의 형사 추리물",Peter Falk,"Peter Falk, Dean Hargrove, Everett Chambers",https://image.tmdb.org/t/p/original/vzVpuWWpJN3fuUfvj5P80GypNhj.png,https://image.tmdb.org/t/p/original/2JCD8vab3fircOU8cM2HJCxfv4I.jpg,https://www.youtube.com/watch?v=8ZOHmz3bfAI
918,시리즈,M*A*S*H,"War & Politics, Drama, Comedy",12,11,"The 4077th Mobile Army Surgical Hospital is stuck in the middle of the Korean war. With little help from the circumstances they find themselves in, they are forced to make their own fun. Fond of practical jokes and revenge, the doctors, nurses, administrators, and soldiers often find ways of making wartime life bearable.","Alan Alda, Mike Farrell, Harry Morgan","Gene Reynolds, Burt Metcalfe, Jim Mulligan",https://image.tmdb.org/t/p/original/nzYnF6fKmYQrsVQ13wXP59cUz1T.png,https://image.tmdb.org/t/p/original/6rhuM3oMoEWKxAdrm7IyM8oq8cC.jpg,https://www.youtube.com/watch?v=QGHFJVJTjkI
954,시리즈,The Rockford Files,"Crime, Drama, Mystery",12,6,"Cranky but likable L.A. PI Jim Rockford pulls no punches (but takes plenty of them). An ex-con sent to the slammer for a crime he didn't commit, Rockford takes on cases others don't want, aided by his tough old man, his lawyer girlfriend and some shady associates from his past.","James Garner, Noah Beery Jr.",,,https://image.tmdb.org/t/p/original/fniHEsTeqHMg41GlCYJxZVgtn7H.jpg,https://www.youtube.com/watch?v=W1zYNrsx9Pw
1018,시리즈,Bonanza,"Western, Action & Adventure, Drama, Family",12,14,The High-Sierra adventures of Ben Cartwright and his sons as they run and defend their ranch while helping the surrounding community.,"Lorne Greene, Michael Landon, David Canary",Bobby Somers,https://image.tmdb.org/t/p/original/x2kh7p8hs0MBeDdigHG0cYLDJPn.png,https://image.tmdb.org/t/p/original/y2jYBuTrC62hneBRs92LwxavMoV.jpg,https://www.youtube.com/watch?v=None
1100,시리즈,내가 그녀를 만났을 때,코미디,15,9,《내가 그녀를 만났을 때》는 미국 CBS에서 방영되었던 시트콤이다. 소울메이트를 찾기 위한 테드의 기나긴 여정. 어른이 된 테드가 아이들에게 아빠와 엄마가 만난 이야기를 들려주며 회상하는 장면들로 이뤄진다.,"Josh Radnor, 닐 패트릭 해리스, Jason Segel","Matt Kuhn, Rachel Axler, Missy Alexander",https://image.tmdb.org/t/p/original/1bYJhHks9QBfsLXmbdkwlSMSaBC.png,https://image.tmdb.org/t/p/original/b34jPzmB0wZy7EjUZoleXOl2RRI.jpg,https://www.youtube.com/watch?v=cjJLEYMzpjc
1215,시리즈,캘리포니케이션,"코미디, 드라마",19,7,"자기혐오적인 알콜중독자 작가가 자신의 섹스 중독과 약물 문제, 나쁜 결정만 하는 습관을 고치고, 하나뿐인 딸과 전처와의 관계 회복을 위해 노력하려 하는 모습을 그린다.","David Duchovny, 나타샤 맥켈혼, Evan Handler","Kent Cummins, Dorothy Street, Eric Roizman",https://image.tmdb.org/t/p/original/aYpca4XMaRvh5HPaXiubOb6JydE.svg,https://image.tmdb.org/t/p/original/jPqOY8cq9KXQN4bD7zJGHCNvcb4.jpg,https://www.youtube.com/watch?v=gQ7yaQhXJAI
1338,시리즈,Alarm for Cobra 11: The Motorway Police,"Drama, Comedy, Action & Adventure",12,49,"A long-running German television series about a two-man team of highway police, originally set in Berlin and later in North Rhine-Westphalia.",,,,,https://www.youtube.com/watch?v=None
1399,시리즈,왕좌의 게임,"Sci-Fi & Fantasy, 드라마, Action & Adventure",19,8,"2011년 4월 HBO에서 방영을 시작한 판타지물. 조지 R.R. 마틴의 얼음과 불의 노래를 원작으로 한다. 웨스테로스 대륙의 7개의 국가와 하위 몇 개의 국가들로 구성된 연맹 국가인 칠 왕국의 통치권, 철 왕좌를 차지하기 위한 싸움을 그려낸 드라마이다. 왕좌를 차지하기 위한 귀족 가문의 다툼 외에도 북부에 존재하는 미지의 위협인 백귀, 그리고 15년 전에 내전으로 인해 살해된 왕의 딸인 대너리스 타르가르옌이 자신이 추방당한 웨스테로스를 향해 왕권 회복을 도전하는 이야기가 함께 들어있다.","피터 딘클리지, 키트 해링턴, 니콜라이 코스테르발다우","Ben Shepherd, Brooke Lyndon-Stanford, Paul Zeke",https://image.tmdb.org/t/p/original/zTGSKzZktsPqzvd75KvByK5G54A.png,https://image.tmdb.org/t/p/original/1XS1oqL89opfnbLl8WnZY1O1uJx.jpg,https://www.youtube.com/watch?v=KPLWWIOCOOQ
1402,시리즈,워킹 데드,"Action & Adventure, 드라마, Sci-Fi & Fantasy",19,11,"2010년 10월 AMC에서 방영을 시작한 좀비 아포칼립스물. 조지아 주의 보안관 릭은 범인 검거 중에 총상을 입고 혼수상태에 빠진다. 어느 날 혼수 상태에서 깨어난 릭은 폐허가 되어 버린 세상이 좀비들로 뒤덮여 있는 것을 발견한다. 쇠약해진 몸으로 병원을 빠져나온 릭은 워커라고 불리는 좀비들을 피해 생존자를 찾아다니고, 마을의 생존자 모건 부자의 도움을 받아 건강을 회복한 후 아내 로리와 아들 칼을 찾으러 애틀랜타로 떠나지만, 릭을 반긴 것은 셀 수 없이 많은 워커 무리들. 간신히 전차 내부로 피신한 릭을 백화점에 숨어있던 생존자 일행이 도와서 겨우 전차에서 빠져나오는데...","로렌 코핸, 노먼 리더스, 제프리 딘 모건","Scott H. Eddo, Sherry Thomas, Sharon Bialy","https://image.tmdb.org/t/p/original/xPuaFKXslMmzDlrVyrOPFSOT0G8.png, https://image.tmdb.org/t/p/original/lbqbdmPDJe7kF9S7gTswDYdiQGw.png, https://image.tmdb.org/t/p/original/gBKWibjjvPImCLCGHRgrRK5pb8A.png, https://image.tmdb.org/t/p/original/xv8ZAzGNzeBMug1XPWsANJnUoFx.png",https://image.tmdb.org/t/p/original/nXzLSn04H4QyapOSwH76R3UE7Iw.jpg,https://www.youtube.com/watch?v=j-Pbosktc6o
1403,시리즈,에이전트 오브 쉴드,"드라마, Sci-Fi & Fantasy, Action & Adventure",15,7,"마블 어벤져스의 필 콜슨 요원이 돌아왔다! 뉴욕 사건 이후 콜슨 요원을 중심으로 탄생한 지구 최강의 평화 유지 조직. 인류를 위협하는 이상한 사건들, 우리가 접수한다. 마블 어벤져스의 뉴욕 사건으로 지구에 유입된 외계 생명체들을 수사하고자, 각 분야 최고의 요원들이 한자리에 모였다.","클라크 그렉, 클로이 베넷, Elizabeth Henstridge","Jason Akers, Nora Zuckerman, Lilla Zuckerman",https://image.tmdb.org/t/p/original/xHm4G4ZZIhPHqzAAFD2n7iLd2gy.svg,https://image.tmdb.org/t/p/original/xjm6uVktPuKXNILwjLXwVG5d5BU.jpg,https://www.youtube.com/watch?v=T3T-evQZiQo
1404,시리즈,척,"Action & Adventure, 코미디, 드라마",15,5,"가전제품 매장 너드 허드에서 근무하는 척(찰스 바토스키).

어느날 저녁, 예전 대학 친구이자 척이 컨닝을 했다는 누명을 씌워 척을 대학에서 쫓아낸 원수인 브라이스 라킨으로부터 메일이 하나 도착한다. 척은 거기에 걸려있던 암호를 풀어 그 내용을 보고 의식을 잃는다.

그 다음날부터 특정 물체나 인물(주로 국가기밀과 관련된 것들)을 보게 되면 갑자기 머릿속에서 자신도 알지 못하는 정보들이 번뜩이게 된다.

사실 그가 봤던 메일의 내용은 CIA와 NSA 두 부서가 합작하여 만든 국가기밀정보를 관리하는 컴퓨터 '인터섹트'의 내용이었다. 모종의 이유로 인터섹트의 데이터를 강탈하고 도주하던 CIA 요원 브라이스 라킨은 이를 척에게 메일로 보낸 것이었다.

브라이스 라킨이 인터섹트를 파괴했기 때문에, 현재 존재하는 인터섹트는 척의 머릿속에 들어있는 것뿐이다. 즉, 척 자체가 인터섹트인 것. 때문에 CIA 요원 한 명과 NSA 요원 한 명이 배정되어 척을 감시/보호하기 위해 투입된다. NSA 요원 존 케이시는 척의 옆집사람이자 척과 같은 마트에 근무하는 직원으로 위장하고, CIA 요원 사라 워커는 척의 여자친구로 위장하는데...","재커리 레비, 이본 스트러호브스키, Joshua Gomez","Patrick Rush, Tim Jones, Josh Schwartz",https://image.tmdb.org/t/p/original/5qPDSC2bZBToAj8xgJE7aaGVlNi.png,https://image.tmdb.org/t/p/original/vEZvGVVMjk1TRs59nfypTI5lAXj.jpg,https://www.youtube.com/watch?v=gSaua8MSDzg
1405,시리즈,덱스터,"범죄, 드라마, 미스터리",19,8,"2006년 10월 Showtime에서 방영을 시작한 심리 스릴러. 미국 마이에미 메트로 경찰서의 젊은 법의학자이자 마이애미에서 제일가는 혈흔분석가인 덱스터는, 사실 어릴때 겪은 참혹한 기억으로 혹은 자신의 표현대로라면 괴물 잡아먹는 괴물인 소시오패스로 법망을 피해 처벌받지 않은 범죄자들을 살해하는 연쇄 살인범이다. 경찰이었던 아버지의 가르침대로 자신의 본성을 숨기고 여동생 데브라와 함께 마이애미 메트로 경찰서에서 근무하던 어느 날, 온 몸의 피가 모조리 빠져나간 토막살인 시체가 발견되고, 덱스터는 이유는 알 수 없지만 이 사건에 끌리게 된다.","마이클 C. 홀, Jennifer Carpenter, Geoff Pierson","Robert Lloyd Lewis, Tim Schlattmann, Wendy West",https://image.tmdb.org/t/p/original/wn1pM2548zWm8qNWH3lLyf1NjXg.png,https://image.tmdb.org/t/p/original/q8dWfc4JwQuv3HayIZeO84jAXED.jpg,https://www.youtube.com/watch?v=YQeUmSD1c3g
1408,시리즈,하우스,"드라마, 미스터리",15,8,"2004년 11월 FOX에서 방영을 시작한 미스터리 의학 시리즈. 프린스턴 플레인즈보로 대학병원의 진단의학과 과장인 그레고리 하우스는 환자들을 성심성의껏 돌보는 데는 영 꽝인 의사. 사사건건 병원 원장인 리사 커디와 부딪히는 그는 못된 매너와 그 매너를 더욱 돋보이게 하는 외모로 유명하지만, 또한 창조적인 생각과 결점없는 의학적 본능을 유감없이 발휘하는 최고의 의사이기도 하다. 천재적인 분석능력을 갖춘 전염병 전문의로서 그가 이제 인명을 살리기 위한 흥미롭고 미스터리한 의학의 퍼즐을 풀어간다.","휴 로리, Robert Sean Leonard, Omar Epps","Peter Blake, Thomas L. Moran, Marcy G. Kaplan",https://image.tmdb.org/t/p/original/70mU0MFs8DK1TXCu2Q62YkO6C2D.png,https://image.tmdb.org/t/p/original/3Cz7ySOQJmqiuTdrc6CY0r65yDI.jpg,https://www.youtube.com/watch?v=MczMB8nU1sY
1411,시리즈,퍼슨 오브 인터레스트,"드라마, Action & Adventure, 범죄, Sci-Fi & Fantasy",16,5,"죽은것으로 알려진 전직 CIA 작전요원인 존 리스가 천만장자인 핀치를 만나 뉴욕시에서 개발한 강력 범죄가 일어나기전 미리 범인을 찾아내는 일을 시작한다. 핀치가 개발한 소프트웨어인 ""더 머신""이 범죄를 예측하면 존이 그 정보를 바탕으로 범죄를 저지를 인물 (Person of Interest)을 찾아 그들만의 방법으로 예방한다.","짐 커비즐, Michael Emerson, Kevin Chapman","Joshua Levey, Lucas O'Connor, Tony Camerino",https://image.tmdb.org/t/p/original/fMnD6iTWfrVWyQnKqPqTcPpy2iX.png,https://image.tmdb.org/t/p/original/6FuKOyJgViZXgMDOq9djFJLWPqX.jpg,https://www.youtube.com/watch?v=_xAK3ueOJxE
1412,시리즈,애로우,"범죄, 드라마, Action & Adventure",15,8,스탈링 시티의 잘나가는 재벌 2세 올리버 퀸은 아버지와 보트 여행에 나섰다가 태풍을 만나 난파를 당한다. 그는 5년 동안 외딴 섬에 표류되어 생존을 위한 처절한 사투를 벌이고 마침내 고향으로 돌아온다. 아버지의 유언에 따라 스탈링 시티의 엘리트 범죄자들을 사냥하기위해 스스로 자경단원을 자처하는 올리버퀸. 그러나 그의 앞날에는 그의 상상보다 더 큰 진실과 음모가 기다리고 있는데...,"Stephen Amell, David Ramsey, Katie Cassidy","Mark Bunting, Beth Schwartz, Marc Guggenheim",https://image.tmdb.org/t/p/original/jUu02PexmdU5xAeDYsv1huceChE.png,https://image.tmdb.org/t/p/original/gKG5QGz5Ngf8fgWpBsWtlg5L2SF.jpg,https://www.youtube.com/watch?v=qo6hU98dXOc
1413,시리즈,아메리칸 호러 스토리,"드라마, 미스터리, Sci-Fi & Fantasy",19,12,'공포'라는 주제로 시즌마다 다른 이야기를 풀어가는 앤솔로지 시리즈. 인간이 가지고 있는 사악한 근성을 탐구하는 동시에 인간이 느끼는 초자연적 두려움과 일상 속의 공포를 조명한다.,"엠마 로버츠, Matt Czuchry, 킴 카다시안","라이언 머피, Brad Falchuk",https://image.tmdb.org/t/p/original/aLaAPY6ht6pboynt3V2zdGfBCzi.png,https://image.tmdb.org/t/p/original/5LLG9bjq0i7V5N4UfRhnab8zHK4.jpg,https://www.youtube.com/watch?v=2c3VVJb562Y
1416,시리즈,그레이 아나토미,드라마,19,20,"시애틀에 있는 병원 의사들의 삶에 대한 이야기. 의사로서의 감정과 개인적인 감정에 대한 묘사가 적절히 조화를 이루어 그려진다. 인턴이지만 결국 레지던트가 되는 메러디스 그레이는 시애틀 병원의 동료 의사들과 함께 사적, 직업적인 열정에 휩쓸리는 자신을 발견한다.","엘렌 폼페오, Chandra Wilson, James Pickens Jr.",숀다 라임스,https://image.tmdb.org/t/p/original/keAZqhg9lmOHEhmG5njqIsuxf0f.png,https://image.tmdb.org/t/p/original/jcEl8SISNfGdlQFwLzeEtsjDvpw.jpg,https://www.youtube.com/watch?v=qbkEtYz9acA
1421,시리즈,모던 패밀리,코미디,15,11,에미상을 받은 이 시트콤은 로스앤젤레스에 사는 제이 프리쳇과 각양각색의 가족이 일상에서 수많은 난관을 만나고 해결해 나가는 이야기를 그린다.,"Ed O'Neill, 소피아 베르가라, 줄리 보언","Jeffrey Richman, Abraham Higginbotham, Jeffrey Morton",https://image.tmdb.org/t/p/original/rbKhglYrECjMZNYtT2QyihOQ5F.png,https://image.tmdb.org/t/p/original/klL4yhwiU8aF4AuF5dCfJA9sRnS.jpg,https://www.youtube.com/watch?v=rbpTUPisA78
1424,시리즈,오렌지 이즈 더 뉴 블랙,"코미디, 드라마",19,7,2013년 7월 Netflix에서 방영을 시작한 감옥 드라마. 파이퍼 커먼이 자신의 여성 교도소에서의 경험을 쓴 회고록 Orange Is the New Black: My Year in a Women's Prison을 원작으로 한다. 뉴욕에 살던 파이퍼 채프먼(테일러 실링)은 유대인 약혼자를 둔 평범한 뉴욕 시민이었다. 그러나 어느 날 과거 자신의 애인 알렉스(로라 프리폰) 때문에 마약을 운반했던 전력이 누군가의 밀고로 인해 드러나면서 15개월 간의 징역살이를 하게 된다. 그리고 파이퍼는 그 감옥 안에서 과거 자신의 연인이자 감옥으로 오게 된 원인인 알렉스와 재회하게 되는데...,"Taylor Schilling, 나타샤 리온, 우조 압둘라",,https://image.tmdb.org/t/p/original/ho41qmKw6gGyiWCJPE7syKfwQCr.png,https://image.tmdb.org/t/p/original/ekaa7YjGPTkFLcPhwWXTnARuCEU.jpg,https://www.youtube.com/watch?v=vY0qzXi5oJg
1431,시리즈,CSI: 라스베가스,"범죄, 드라마, 미스터리",15,15,"2000년 10월 CBS에서 방영을 시작한 범죄수사물. 최첨단 장비와 과학적인 분석으로 미궁속의 사건을 해결해 가는 라스베가스 시경 과학수사과 심야근무반. 17년 경력의 베테랑 길 그리섬, 혼자서 키우는 딸과 직장 사이에 균형을 잃지 않으며 항상 최선을 다하는 캐서린 윌로스, 도박의 유혹을 뿌리치지 못하지만 날카로운 분석력을 보유한 워릭 브라운, 하바드 출신의 새라 사이들, 그리고 매력적인 남자 닉 스톡스 등 5명이 한 팀으로 구성된 이들은 사건이 미궁에 빠질 때마다 첨단 기술과 예리한 분석력으로 결정적인 단서와 증거를 확보하여 진범을 가려내기 위해 365일 24시간을 투자한다.","Ted Danson, George Eads, Jorja Fox","Andi Brittan, Anthony E. Zuiker, William Petersen",https://image.tmdb.org/t/p/original/fLhKSEsurxHq3mwEDvCQhnApxkg.png,https://image.tmdb.org/t/p/original/i5hmoRjHNWady4AtAGICTUXknKH.jpg,https://www.youtube.com/watch?v=ApT1EYvrwuk
1433,시리즈,아메리칸 대드!,"애니메이션, 코미디",12,20,"랭글리 폴즈라는 도시에서 사는 CIA에서 근무하는 수꼴에 과대망상이 매우 심한 아버지(스탠 스미스)와 전형적인 금발백치 어머니(프랜신 스미스), 반항아에 좌빨인 장녀(헤일리 스미스)에 Nerd 아들(스티브 스미스), 변장을 좋아하는 양성애자자웅동체[1] 외계인(로저), 그리고 동독 스키점퍼의 기억을 가지고 있는 금붕어(클라우스 하이슬러)로 이루어진 스미스 가족과 그 주변인물들을 다루고 있다","세스 맥팔레인, Wendy Schaal, Rachael MacFarlane",Chris McKenna,https://image.tmdb.org/t/p/original/56e9hx9CwagmWwxdOZFqq7cqORS.svg,https://image.tmdb.org/t/p/original/xnFFz3etm1vftF0ns8RMHA8XdqT.jpg,https://www.youtube.com/watch?v=W9Kf1RUHLxE
1435,시리즈,굿 와이프,드라마,15,7,스캔들로 철창신세가 된 정치인 남편 때문에 다시 변호사로 일하게 된 얼리샤 플로릭의 이야기를 담은 법정 드라마.,"Julianna Margulies, 크리스틴 바란스키, Matt Czuchry","Dahmane El Harrachi, Robert King, Michelle King",https://image.tmdb.org/t/p/original/u98UrhnTmG0yhcrV6pyk3rxYtUr.png,https://image.tmdb.org/t/p/original/lasNCd45fpPLirlA7QxkuopWro.jpg,https://www.youtube.com/watch?v=bybDgWgp-Vo
1447,시리즈,싸이크,"코미디, 드라마, 미스터리, 범죄",12,8,숀은 자신의 아버지가 경찰이어서 매일 집중력 훈련을 받게 된다. 그 결과 엄청난 관찰력을 가지게 됬지만 경찰을 싫어한다. 우연히 자신의 능력으로 경찰에게 범인을 알려주지만 공범으로 몰릴뻔 하자 자신이 심령술사라고 말하며 경찰서에 들어오자마자 봤던 자료를 이용해 신뢰를 얻는다.  이로 인해 심령술사 사립탐정으로 일하게 되면서 벌어지는 일을 다룬 드라마.,"James Roday Rodriguez, Dulé Hill, Timothy Omundson","James Roday Rodriguez, Dulé Hill, Mel Damski",https://image.tmdb.org/t/p/original/s8VTUy6mSDKqdrSOvg9vdrKedJ3.png,https://image.tmdb.org/t/p/original/fDI15gTVbtW5Sbv5QenqecRxWKJ.jpg,https://www.youtube.com/watch?v=pYvy-N8lNGQ
1481,시리즈,4400,"드라마, Sci-Fi & Fantasy",15,4,여러가지 시대에서 실종된 4400명의 사람들이 한꺼번에 현재에 귀환을 하면서 일어나는 일을 그린 드라마,"Jacqueline McKenzie, Joel Gretsch, Patrick John Flueger","Craig Sweeny, Tasha Moth, Michael Wrinch",https://image.tmdb.org/t/p/original/ipPZZmcgDAenY1InSAPbLMEE1JH.png,https://image.tmdb.org/t/p/original/nWpatnVtPVxjsn7mMiRZNAalEMf.jpg,https://www.youtube.com/watch?v=8Wey_sso-fk
1516,시리즈,The A-Team,"Action & Adventure, Comedy, Crime",12,5,"A fictional group of ex-United States Army Special Forces personnel work as soldiers of fortune while on the run from the Army after being branded as war criminals for a ""crime they didn't commit.""","George Peppard, Dirk Benedict, Mr. T","John Ashley, Rob Bowman, Frank Lupo",https://image.tmdb.org/t/p/original/hKbbG3fbF6BVwHnhHEUaRF3hF2N.png,https://image.tmdb.org/t/p/original/p2qWJJ7Wyaq2xvgIHuBw4zVNBij.jpg,https://www.youtube.com/watch?v=None
1530,시리즈,My Three Sons,"Comedy, Family",,12,"A widower and aeronautical engineer named Steven Douglas raises three sons with the help of his father-in-law, and later the boys' great-uncle. An adopted son, a stepdaughter, wives, and another generation of sons join the loving family in later seasons.","Fred MacMurray, Don Grady, Barry Livingston","Don Fedderson, George Tibbles",,https://image.tmdb.org/t/p/original/46I32A4ff4ol5s2qtRcv2r37WE0.jpg,https://www.youtube.com/watch?v=None
1532,시리즈,Starsky & Hutch,"Action & Adventure, Drama, Crime",12,4,"Streetwise Detective David Starsky partners up with a more intellectual partner, Kenneth 'Hutch' Hutchinson, to protect citizens and patrol the streets of Bay City.","David Soul, Paul Michael Glaser, Antonio Fargas","Aaron Spelling, Leonard Goldberg",,https://image.tmdb.org/t/p/original/aBj5oTi1uibVcXDoCJeKseJNY2d.jpg,https://www.youtube.com/watch?v=8WHQ2UWB2ko
1620,시리즈,CSI: 마이애미,"드라마, 미스터리, 범죄",15,10,플로리다 주의 마이애미 데이드 경찰청. 호레이쇼 반장과 CSI 과학 수사 대원들은 논리적인 증거 분석과 본능적인 수사로 마이애미에서 일어나는 위험한 범죄들을 해결해나간다.,"David Caruso, Emily Procter, Omar Benson Miller","Scott Lautanen, Jerry Bruckheimer, Elizabeth Devine",https://image.tmdb.org/t/p/original/gnThzFN5qgTW3vKLl5mVlqRBQ5T.png,https://image.tmdb.org/t/p/original/pNW64pjaHvf6purNaFhq4SHYRfl.jpg,https://www.youtube.com/watch?v=x2n-h9E8_ck
1622,시리즈,수퍼내추럴,"드라마, 미스터리, Sci-Fi & Fantasy",16,15,"어린 시절, 샘과 딘은 정체를 알 수 없는 악마의 힘의 의해 어머니를 잃는다. 그로 인해, 그들의 아버지는 자식들을 헌터로 키우며, 미국 각지에 흩어져 있는 초자연적인 악과 괴물들을 처치하는 법을 가르친다.

이제 두 윈체스터 형제들은 67년형 쉐비 임팔라에 몸을 싣고 미전역을 가로지르며 그들과 마주치는 모든 초자연적인 위협들을 처리해나가기 시작하는데...","Jared Padalecki, Jensen Ackles, Misha Collins","Catherine Michaud, Talli Buchanan, Susan Milne",https://image.tmdb.org/t/p/original/jpop1hHSw0Cwm4J1lUcP6KDMbVf.svg,https://image.tmdb.org/t/p/original/KoYWXbnYuS3b0GyQPkbuexlVK9.jpg,https://www.youtube.com/watch?v=yy96yJjkvjo
1668,시리즈,프렌즈,코미디,15,10,"1994년 5월 NBC에서 방영을 시작한 시트콤. 미국 뉴욕 시 맨해튼의 그리니치 빌리지의 아파트와 까페 센트럴 퍼크를 중심으로 2-30대의 세 명의 남자와 세 명의 여자의 우정과 사랑, 삶을 그렸다. 부잣집 맏딸이자 응석받이로 자라 온 레이첼은 결혼식을 앞두고 결혼 선물들을 쳐다보던 중 자신이 남편보다 결혼선물을 더 사랑한다는 사실을 깨닫고 회의감을 느끼게 된다. 이를 계기로 불현듯 결혼식에서 도망쳐 나오게 되고, 뉴욕에 아버지의 그늘을 피할 곳을 찾다가 결혼식 전 우연히 만난 고등학교 동창 모니카와 재회하게 된다.","제니퍼 애니스턴, 코트니 콕스, 리사 쿠드로","Richard Choi, Robert Carlock, Mark Kunerth",https://image.tmdb.org/t/p/original/a4qZkvpdqCSS60vppgL5xCBsMwi.svg,https://image.tmdb.org/t/p/original/2koX1xLkpTQM4IZebYvKysFW1Nh.jpg,https://www.youtube.com/watch?v=s2TyVQGoCYo
1695,시리즈,몽크 ,"코미디, 범죄, 드라마, 미스터리",15,8,"현대 샌프란시스코를 배경으로 하는 코미디 수사물 미드. 3년 전 자동차 폭발 사건으로 아내를 잃은이후 큰 충격에서 빠져나오지 못한 채, 독특한 강박관념에 사로잡혀 많은 사람들이 모인 군중과 높은 곳, 그리고 어둠을 두려워하는 증세를 보이는 전직 경찰 에이드리언 몽크가 샌프란시스코 경찰을 도와 복잡한 사건들을 해결한다.","토니 샬호브, 테드 러바인, Jason Gray-Stanford","Josh Siegal, 토니 샬호브, Shana Stein",https://image.tmdb.org/t/p/original/pIOqR6IchhSOmaIZIyDGW9QB982.svg,https://image.tmdb.org/t/p/original/3axGMbUecXXOPSeG47v2i9wK5y5.jpg,https://www.youtube.com/watch?v=mftbaaU82Uc
1705,시리즈,프린지,"Sci-Fi & Fantasy, 드라마, 미스터리",16,5,인간의 통제 범위를 벗어난 초현실적 사건에 봉착한 FBI 수사관 올리비아가 정신병원에 수감된 천재 과학자 비숍 부자의 도움을 받아 사건을 해결해나가는 과학 미스터리 드라마,"Anna Torv, Joshua Jackson, John Noble","J.J. 에이브럼스, Brad Kane, Joe Chappelle",https://image.tmdb.org/t/p/original/ckHzWqP6ZhyDamS52251yJstp3K.png,https://image.tmdb.org/t/p/original/sY9hg5dLJ93RJOyKEiu1nAtBRND.jpg,https://www.youtube.com/watch?v=bkxJ0DojPJ4
1719,시리즈,Gargoyles,"Animation, Sci-Fi & Fantasy, Action & Adventure",12,3,"In Scotland, 994 A.D. Goliath and his clan of gargoyles defend a medieval castle. In present day, David Xanatos buys the castle and moves it to New York City. When the castle is attacked the gargoyles are awakened from a 1000 year curse.","Keith David, Salli Richardson-Whitfield, Ed Asner",Vince Commisso,https://image.tmdb.org/t/p/original/tDhvyMy8Hfl2f5gTfhGx3wddLIu.svg,https://image.tmdb.org/t/p/original/yDTZYbiRUapeWRJL6EU3ZtLUAYA.jpg,https://www.youtube.com/watch?v=iNGdN4YRnsM
1848,시리즈,Winx Club,"Kids, Animation, Sci-Fi & Fantasy, Action & Adventure, Mystery",6,8,"In a magical universe, witches, warriors begin fighting in the name of good .vs. evil! At a magic school, five teenage girls are selected to defend the universe with their magic.","Letizia Ciampa, Perla Liberatori, Gemma Donati",,https://image.tmdb.org/t/p/original/ivbWJcKJCCLqYdV61aQX5Z6kj0s.png,,https://www.youtube.com/watch?v=S35nFJH8e4Y
1855,시리즈,스타 트렉: 보이저,"Sci-Fi & Fantasy, 드라마, Action & Adventure",12,7,"USS 보이저호가 무장 테러그룹 마퀴스에게 탈취된 우주선을 회수하는 임무 중에 생긴 알 수 없는 사고로 70,000광년 떨어진, 행성 연방의 최강의 적 '보그'가 살고 있는 델타 사분면으로 떨어지면서 귀환하는 과정을 그리고 있다. 시리즈 최초에는 약 75년이 걸릴 것으로 예상했으나 중간중간 여러 방법으로 이 기간을 23년까지 단축했고, 시즌 7 마지막 에피소드에서 시간 여행을 사용한 방법으로 남은 공간을 한 번에 넘어 귀환하게 된다.

최초 델타 사분면으로 떨어지게 된 사고로 인해 보이저호와 마퀴스쪽의 우주선 모두 상당한 피해를 보게 되어 다시 알파 사분면으로 돌아갈 수 있게 될 때까지 협력하기로 합의, 보이저호에서 말 그대로 ""한 배를 타게 되는"" 특이한 설정에다, 보그 종족 출신의 세븐 오브 나인을 비롯한 델타 사분면의 여러 원주민까지 선원으로 받아들이게 되어 스타 트랙 시리즈 중 가장 다양한 인종이 선원으로 등장하는 시리즈이며, 스타 트렉 TV 시리즈 중 유일하게 여성 함장을 등장시킨 시리즈이기도 하다.

아울러, 보이저는 함선 묘사에 실물 모델을 사용하지 않고 100% CG만으로 처리하게 된 최초의 스타 트렉 시리즈이다. 시리즈 초반에는 여전히 실물로 제작된 모델을 사용해 촬영했으나 시즌 3부터는 100% CG만으로 표현하게 된다.","Kate Mulgrew, Jeri Ryan, Robert Picardo","Jeri Taylor, Michael Piller, Jerry Goldsmith",https://image.tmdb.org/t/p/original/kGKcKyX4Wf4XGVqp2dTGn0E4Luc.png,https://image.tmdb.org/t/p/original/gNS5tRSG3UlXodCxznKKOKweqxh.jpg,https://www.youtube.com/watch?v=b1PX9E2RsgU
1877,시리즈,피니와 퍼브,"애니메이션, 코미디, 가족, Sci-Fi & Fantasy",ALL,5,피니와 퍼브에게 불가능이란 없다! 말썽꾸러기 발명가 형제 피니와 퍼브의 좌충우돌 이야기,"Vincent Martella, 토머스 브로디생스터, 애슐리 티스데일","Darrin Drew, Dan Povenmire, Jeff 'Swampy' Marsh",https://image.tmdb.org/t/p/original/8dpyx3AKsmwZXCz4xrJKYcYPhuW.png,https://image.tmdb.org/t/p/original/oSLwJMOOQGAsyJNMi4Y3MO44iAJ.jpg,https://www.youtube.com/watch?v=EjlTFvKpv2Q
1911,시리즈,본즈,"범죄, 드라마",15,12,"워싱턴 D.C.의 제퍼소니안 재단의 연구소 소속 법인류학자인 템퍼런스 브레넌 박사와 FBI 워싱턴 지국 요원인 실리 부스, 그리고 브레넌 박사의 팀이 뼈만 남다시피한 시신을 조사해 해결하는 내용으로 실제 법인류학자인 '캐시 라익스'의 소설을 각색해 제작되었으며 국내에도 '본즈'라는 제목으로 원작 소설 시리즈가 발매되었다.","에밀리 디샤넬, David Boreanaz, John Boyd",,https://image.tmdb.org/t/p/original/xSguBiLk5wgeDqkye3MgIoQ5gCH.svg,https://image.tmdb.org/t/p/original/eyTu5c8LniVciRZIOSHTvvkkgJa.jpg,https://www.youtube.com/watch?v=idiNjlYU7Cs
1950,시리즈,에버우드,"드라마, 가족",12,4,아내의 갑작스러운 죽음으로 뉴욕에서 전문의로서 명성을 누리던 주인공이 자신의 아이들에게 진정한 아버지가 되고자 시골 소도시 에버우드로 이사를 오게 되면서 벌어지는 마을의 사건들과 주민들의 융화와 갈등을 조명하는 드라마,"Treat Williams, Gregory Smith, Emily VanCamp","Greg Berlanti, 올리버 골드스틱, Michael Green",,https://image.tmdb.org/t/p/original/4zmuA2Ql1QdUtw9OM6MdmtXnZEF.jpg,https://www.youtube.com/watch?v=None
1981,시리즈,Charmed,"Comedy, Drama, Mystery, Sci-Fi & Fantasy",12,8,"Three sisters (Prue, Piper and Phoebe) reunite and unlock their powers to become the Charmed Ones, the most powerful good witches of all time, whose prophesied destiny is to protect innocent lives from evil beings such as demons and warlocks. Each sister possesses unique magical powers that grow and evolve, while they attempt to maintain normal lives in modern day San Francisco. ","Holly Marie Combs, Alyssa Milano, Brian Krause","Alyssa Milano, Holly Marie Combs, James L. Conway",https://image.tmdb.org/t/p/original/dd7ULvZWBk0EL7PrnfoeE7cpSC7.png,https://image.tmdb.org/t/p/original/z4bPJ1BWU2EtV69NII2GVvsugQ2.jpg,https://www.youtube.com/watch?v=None
1996,시리즈,The Flintstones,"Family, Animation, Comedy, Kids",6,6,"The misadventures of two modern-day Stone Age families, the Flintstones and the Rubbles.","Alan Reed, Jean Vander Pyl, Mel Blanc","Michael Maltese, Barry Blitzer, R.S. Allen",https://image.tmdb.org/t/p/original/q9PL7gB493RyZf3hV1sAKpG6mmN.png,https://image.tmdb.org/t/p/original/30P6ifagQ3fguTsI33KMmDLTAx6.jpg,https://www.youtube.com/watch?v=EtYUAonE4Ks
2004,시리즈,말콤네 좀 말려줘,"가족, 코미디, 드라마",6,7,늘 사건사고가 일어나는 말콤네 가족 특히 사고 뭉친 4형제로 인하여 말콤네 가족은 늘 시끌벅적합니다. 후에 말코의 4형제는 5형제가 됩니다.,"Frankie Muniz, Jane Kaczmarek, 브라이언 크랜스턴","Linwood Boomer, Ken Kwapis, Gary Murphy","https://image.tmdb.org/t/p/original/wNq7zksMVngaqkOlDwlqMWc96ur.png, https://image.tmdb.org/t/p/original/dKcK40R7gtnGonTJqEWJXu8QI6V.png, https://image.tmdb.org/t/p/original/jFRLj8pUjBg38jBk6Idg5J3dZb4.png",https://image.tmdb.org/t/p/original/ck4iRhTXFD7CsEBi2iOdOXL7QhE.jpg,https://www.youtube.com/watch?v=o6gPg-P5FPg
2025,시리즈,베버리힐스 90210,드라마,12,10,미국 상류층 고교생들의 자유분방하고 화려한 생활을 그린 드라마,"Jennie Garth, Ian Ziering, Luke Perry","Darren Star, Aaron Spelling, John E. Davis",,https://image.tmdb.org/t/p/original/b7BYfkhu653D894krwGO1ysIKTf.jpg,https://www.youtube.com/watch?v=_sRP_5S2zWY
2140,시리즈,내 사랑 레이몬드,코미디,12,9,스포츠 기자인 레이몬드와 가족들이 부대끼며 살아가는 모습을 진솔하게 그린 시트콤,"레이 로마노, Patricia Heaton, Doris Roberts","Stu Smiley, Cindy Chupack, Philip Rosenthal",https://image.tmdb.org/t/p/original/21aHqad7tdfTaDAT2MlncFdb6Zp.png,https://image.tmdb.org/t/p/original/o9CpdeibaCddxQusyDSqwHDxiLl.jpg,https://www.youtube.com/watch?v=None
2144,시리즈,The Lucy Show,Comedy,,6,"The Lucy Show is an American sitcom that aired on CBS from 1962–68. It was Lucille Ball's follow-up to I Love Lucy. A significant change in cast and premise for the 1965–66 season divides the program into two distinct eras; aside from Ball, only Gale Gordon, who joined the program for its second season, remained. For the first three seasons, Vivian Vance was the co-star.

The earliest scripts were entitled The Lucille Ball Show, but when this title was declined, producers thought of calling the show This Is Lucy or The New Adventures of Lucy, before deciding on the title The Lucy Show. Ball won consecutive Emmy Awards as Outstanding Lead Actress in a Comedy Series for the series' final two seasons, 1966–67 and 1967–68.","Lucille Ball, Gale Gordon","Lucille Ball, Wilbur Hatch, Elliott Lewis",,https://image.tmdb.org/t/p/original/sdmFoI7pKzE4XoIVrVNt4ouXlbH.jpg,https://www.youtube.com/watch?v=None
2190,시리즈,사우스 파크,"애니메이션, 코미디",19,26,"사우스 파크 마을에 사는 꼬맹이 4인방. 생김새는 평범하지만 입은 거칠고 생각은 험하다. 정치, 연예, 문화, 시사까지 성역 없이 던져지는 녀석들의 돌직구. 사우스 파크만의 사이다 멘트와 블랙 유머가 살아있는 어른용 애니메이션.","Trey Parker, Matt Stone, Mona Marshall",,https://image.tmdb.org/t/p/original/w3bIQSoMUXtsSvXJxIHntFgr7rg.png,https://image.tmdb.org/t/p/original/xJnbMTrJ2fl1AXAKx34U4BPvOhs.jpg,https://www.youtube.com/watch?v=uLrlLDLJpMo
2316,시리즈,오피스,코미디,15,9,팬실베니아 스크랜튼에 위치한 사무용지 판매회사 던더 미플린의 스크랜턴 지점. 무미건조한 사무실에서 깐깐한 지점장과 독특한 캐릭터의 부하들이 벌이는 코믹 해프닝과 가슴 찡한 이야기가 펼쳐진다. BBC에서 방영된 동명 영국 시리즈의 할리우드 리메이크.,"Rainn Wilson, 존 크래신스키, 제나 피셔","Steve Burgess, Paul Lieberstein, 리키 저베이스",https://image.tmdb.org/t/p/original/zWozteGoJM0NhHj5lhXSqhu6rUA.png,https://image.tmdb.org/t/p/original/7DJKHzAi83BmQrWLrYYOqcoKfhR.jpg,https://www.youtube.com/watch?v=96ix3P9WaRc
2327,시리즈,Dawson's Creek,Drama,12,6,Dawson's Creek is an American teen drama that portrays the fictional lives of a close-knit group of teenagers through high school and college.,"James Van Der Beek, Katie Holmes, Michelle Williams","Alan Hook, Paul Stupin, Tom Kapinos",https://image.tmdb.org/t/p/original/yJJ5kax5Wbd0KDk7hIXoVnq4Wv0.png,https://image.tmdb.org/t/p/original/arT93dBemanftfWTcf9I0JRIlxU.jpg,https://www.youtube.com/watch?v=ntxG68WJzuA
2370,시리즈,헬'S 키친,Reality,16,22,"지옥의 주방이 열리면 살벌한 전쟁이 시작된다. 경쟁에서 지면 한 명씩 퇴출. 하지만 극강의 요리 실력을 증명해 최종 우승하면 호화 레스토랑에서 일할 기회가! 독설가로 유명한 영국의 스타 셰프, 고든 램지가 진행하는 리얼리티 쇼.","고든 램지, Christina Wilson, Marino Monferrato",,https://image.tmdb.org/t/p/original/fYRzVKvqCeFMOby2L16Fg5J86E.png,https://image.tmdb.org/t/p/original/shOVFku8daIGRpgjTdMZBxUAvsV.jpg,https://www.youtube.com/watch?v=wj04fJmqkvQ
2473,시리즈,The Avengers,"Action & Adventure, Crime, Sci-Fi & Fantasy",12,6,"The Avengers is a British television series created in the 1960s. It initially focused on Dr. David Keel and his assistant John Steed. Hendry left after the first series and Steed became the main character, partnered with a succession of assistants. His most famous assistants were intelligent, stylish and assertive women: Cathy Gale, Emma Peel and Tara King. Later episodes increasingly incorporated elements of science fiction and fantasy, parody and British eccentricity.","Patrick Macnee, Linda Thorson",Laurie Johnson,https://image.tmdb.org/t/p/original/gaWpKuxtvwEQxS0FyFioUEwMJVJ.png,https://image.tmdb.org/t/p/original/uU7CrpWkD7W04HBpuK4CSbtSKRi.jpg,https://www.youtube.com/watch?v=LBYhUvffPYs
2593,시리즈,FBI 실종수사대,"범죄, 미스터리, Action & Adventure, 드라마",15,7,실종자 전문 수사팀의 독특한 수사 방식과 짜릿한 심리 게임을 잘 풀어낸 수사드라마,"Anthony LaPaglia, Poppy Montgomery, Marianne Jean-Baptiste","Jerry Bruckheimer, Timothy Busfield, David Nutter",https://image.tmdb.org/t/p/original/aY0IYO4WQNTU4wpeGTW4ryeCIRF.png,https://image.tmdb.org/t/p/original/iNhE283iY7xtS8zCjhSxpTfOzn0.jpg,https://www.youtube.com/watch?v=None
2637,시리즈,Come Dine with Me,Reality,,33,"Amateur chefs compete against each other by hosting a dinner party for the other contestants. Each competitor then rates the host's performance with the winner winning a £1,000 cash prize. An element of comedy is added to the show through comedian Dave Lamb, who provides a dry and ""bitingly sarcastic"" narration.",,,,https://image.tmdb.org/t/p/original/enFfviWZwnIKn9DhyMa7cXqKx6Q.jpg,https://www.youtube.com/watch?v=None
2691,시리즈,두 남자와 1/2,코미디,15,12,"자유로운 영혼이었던 찰리가 떠나간 이후, 앨런과 그의 아들 제이크에게 찾아온 앨런의 친구 월든이 다시금 새로운 가족으로 생활하게 되면서 벌어지는 코믹한 일상을 담은 시트콤","애쉬튼 커쳐, Jon Cryer, Conchata Ferrell","Jim Patterson, Tim Kelleher, Joe Bella",https://image.tmdb.org/t/p/original/ivAjR58o2LaAHDThE923k7VOV37.png,https://image.tmdb.org/t/p/original/xgfjxyV3g1S68opzuvG6G87muDp.jpg,https://www.youtube.com/watch?v=h1YadOPGL-0
2710,시리즈,필라델피아는 언제나 맑음,코미디,18,16,"가난하고 찌질한... 심지어 어딘가 부족해보이는 삼총사가 아이리쉬 펍을 운영하면서 벌어지는 에피소드들을 중심으로 이야기가 전개된다. 극 중에서 디안드라 (통칭 디)는 데니스의 여동생으로, 프랭크는 두 남매의 아버지이며, 삼총사와 함께 총 다섯 명의 인물이 아이리쉬 펍을 운영한다.","Charlie Day, Glenn Howerton, Rob McElhenney","Michael Rotenberg, Charlie Day, Glenn Howerton",https://image.tmdb.org/t/p/original/hCgjpW4eGVVubNevHzWeoispD4L.png,https://image.tmdb.org/t/p/original/pRWO6ufqSNkWvPXDDQhBwPNSv4K.jpg,https://www.youtube.com/watch?v=blLAdGYPhiQ
2730,시리즈,I Love Lucy,"Comedy, Family",,6,"Cuban Bandleader Ricky Ricardo would be happy if his wife Lucy would just be a housewife. Instead she tries constantly to perform at the Tropicana where he works, and make life comically frantic in the apartment building they share with landlords Fred and Ethel Mertz, who also happen to be their best friends.","Lucille Ball, Desi Arnaz, Vivian Vance","Jack Aldworth, Jess Oppenheimer, Desi Arnaz",,https://image.tmdb.org/t/p/original/mPUSrFTvQqwEqTtfukxJBtkbxWj.jpg,https://www.youtube.com/watch?v=None
2734,시리즈,로 앤 오더: 성범죄 전담반,"범죄, 드라마, 미스터리",15,25,추악한 성범죄를 수사하는 뉴욕 경찰 성범죄전담수사반의 활약을 그린 드라마.,"마리슈카 하기테이, Ice-T, Peter Scanavino",Dick Wolf,https://image.tmdb.org/t/p/original/AhtQAQVcqWl6b0UZSo9vmHE3skK.png,https://image.tmdb.org/t/p/original/onmSVwYsPMYtO8OjLdjS8FfRNKb.jpg,https://www.youtube.com/watch?v=IRXNVdiqMuU
2774,시리즈,The Untouchables,"Drama, Crime",,4,Special Agent Eliot Ness and his elite team of incorruptible agents battle organized crime in 1930s Chicago.,"Robert Stack, Nicholas Georgiade, Steve London",Walter Grauman,,https://image.tmdb.org/t/p/original/80IDXgaHmcxj6CKRImkpHjnIMcd.jpg,https://www.youtube.com/watch?v=GZTjQ7SLvUk
2808,시리즈,Totally Spies!,"Animation, Kids, Comedy, Action & Adventure, Drama",16,7,"Totally Spies! depicts three girlfriends 'with an attitude' who have to cope with their daily lives at high school as well as the unpredictable pressures of international espionage. They confront the most intimidating - and demented - of villains, each with their own special agenda for demonic, global rude behavior.","Jennifer Hale, Andrea Baker, Katie Griffin",,,https://image.tmdb.org/t/p/original/zvEit6c2zC2PosXROb85jZwb0gx.jpg,https://www.youtube.com/watch?v=None
2875,시리즈,맥가이버,"Action & Adventure, 드라마, 가족, 범죄, 서부",12,7,"비밀임무를 수행하는 피닉스 재단 소속 첩보원 맥가이버의 활약상을 그렸다. 그러나 기존 스파이물에서 그려지던 첩보원들과는 달리 주인공이 총을 두려워하며, 화학이나 물리학의 기본지식을 이용한 기발한 방식으로 위기를 극복한다는 설정을 가졌다.","리처드 딘 앤더슨, Dana Elcar","John B. Moranville, Thomas R. Polizzi, Michael Greenburg",,https://image.tmdb.org/t/p/original/7q4u6lXXQR2wcP2FnvH9PpZ7Qir.jpg,https://www.youtube.com/watch?v=dVVN4eqVB5U
2942,시리즈,튜더스,"드라마, 로맨스",12,4,"2007년 5월 CBC와 TV3에서 방영을 시작한 역사물. 튜더 왕조의 헨리 7세의 둘째 아들 헨리 8세는 요절한 형을 대신하여 왕위에 오르고 형의 부인인 캐서린과 결혼한다. 이탈리아에 잉글랜드의 대사로 파견된 헨리 8세의 숙부 코트니 경이 프랑스인들에게 처참하게 살해당하자 그는 분노하여 프랑스와 전쟁을 하겠다고 선포한다. 그는 왕비가 아닌 다른 여자들과 어울리고, 헨리 왕의 아이를 가진 블런트 부인은 아들을 낳는다. 한편 불린은 딸 메리가 더 이상 왕의 침실로 불려가지 않자, 동생인 앤을 불러 헨리 왕을 사로잡을 방법을 강구하라고 하고, 헨리8세는 앤의 매력에 빠져든다.","Jonathan Rhys Meyers, 헨리 카빌, Sarah Bolger","Trevor Morris, James Flynn, Yuri Gorbachow",https://image.tmdb.org/t/p/original/iSWESqVSpZPcwJhRI6czfGHjwqR.png,https://image.tmdb.org/t/p/original/qabVShr1OK7CuYb3E88nVCTBBJn.jpg,https://www.youtube.com/watch?v=qTiL8pgNqhs
2985,시리즈,안드로메다,"Action & Adventure, 드라마, Sci-Fi & Fantasy",12,5,머나먼 미래. 저마다 개성이 넘치는 선원들과 이들을 인솔하는 연합함대 하이 가드의 선장인 딜런 헌트는 암흑의 무법지대로 변해버린 우주의 평화와 혹성연합 재건을 위해 우주전함 안드로메다를 타고 은하계를 탐험한다.,"Kevin Sorbo, Lisa Ryder, Laura Bertram","Kevin Sorbo, Allan Eastman, Majel Barrett",https://image.tmdb.org/t/p/original/kW0xUu4hAQ0tEXxM8C7L9tFUYLW.png,https://image.tmdb.org/t/p/original/b21FVG7BYKWdA48J4wNty0s1xtV.jpg,https://www.youtube.com/watch?v=KafGdWFNOVM
3172,시리즈,프라이빗 프랙티스,드라마,12,6,"스핀오프 시리즈. 시애틀의 그레이스 병원을 떠나, LA의 작은 병원 씨사이드 웰니스(Seaside Wellness)로 근무지를 옮긴 애디슨 몽고메리 박사와 그 동료들의 이야기.","케이트 월시, Paul Adelstein, KaDee Strickland","Betsy Beers, 숀다 라임스, Mark Gordon",https://image.tmdb.org/t/p/original/s7sVPIHXsWPEaHR17ag3MXp0bQR.png,https://image.tmdb.org/t/p/original/pW20ANAGdrgreYJExduUVaWos6H.jpg,https://www.youtube.com/watch?v=None
3750,시리즈,닙턱,드라마,16,7,"크리스찬 트로이와 션 맥나마라는 성격과 라이프스타일은 완전히 다르지만 절친한 친구. 둘 다 성형외과 의사지만, 성격과 라이프 스타일은 완전히 다른 두 친구의 이야기가 그려진다.","Dylan Walsh, Julian McMahon, 조엘리 리처드슨","Lynnie Greene, Michael M. Robin, Jennifer Salt",https://image.tmdb.org/t/p/original/kkmindhb8tJLA8Z1tM4ttUF53tO.png,https://image.tmdb.org/t/p/original/b8wq87RBCman73pxQzWWK93Eicu.jpg,https://www.youtube.com/watch?v=v6JdfGMQK98
4014,시리즈,The Flying Doctors,Drama,6,9,"The Flying Doctors is an Australian drama series produced by Crawford Productions that revolved around the everyday lifesaving efforts of the real Royal Flying Doctor Service of Australia.

It was initially a 1985 mini-series based in the fictional outback town of Cooper's Crossing starring Andrew McFarlane as the newly arrived Dr. Tom Callaghan. The success of the mini series led to its return the following year as an on-going series with McFarlane being joined by a new doctor, Chris Randall, played by Liz Burch. McFarlane left during the first season and actor Robert Grubb came in as new doctor Geoff Standish.

The series' episodes were mostly self-contained but also featured ongoing storylines, such as Dr. Standish's romance with Sister Kate Wellings. Other major characters included pilot Sam Patterson, mechanic Emma Plimpton, local policeman Sgt. Jack Carruthers and Vic and Nancy Buckley, who ran the local pub/hotel, The Majestic. Andrew McFarlane also later returned to the series, resuming his role as Dr. Callaghan. The popular series ran for nine seasons and was successfully screened internationally.","Robert Grubb, Lenore Smith, Nikki Coghill",,,https://image.tmdb.org/t/p/original/Aj4xa7lo9RwTV6DpZ3Pcjgp26Ht.jpg,https://www.youtube.com/watch?v=None
4018,시리즈,Quantum Leap,"Sci-Fi & Fantasy, Action & Adventure, Drama",12,5,"Theorizing that one could time travel within his own lifetime, Dr. Sam Beckett stepped into the Quantum Leap accelerator and vanished... He woke to find himself trapped in the past, facing mirror images that were not his own and driven by an unknown force to change history for the better. His only guide on this journey is Al, an observer from his own time, who appears in the form of a hologram that only Sam can see and hear. And so Dr. Beckett finds himself leaping from life to life, striving to put right what once went wrong and hoping each time that his next leap will be the leap home.","Scott Bakula, Dean Stockwell, Deborah Pratt","Deborah Pratt, Robert Wolterstorff, Jeff Gourson",https://image.tmdb.org/t/p/original/ouyuljusgoRcZ5BgBzjIl3ah0nP.png,https://image.tmdb.org/t/p/original/ujIGP3e3V6kDQHRhjNYtUE3fHJi.jpg,https://www.youtube.com/watch?v=yE_L2NSuSNs
4087,시리즈,엑스 파일,"범죄, 드라마, 미스터리, Sci-Fi & Fantasy",19,11,"과소 평가되어 무시되거나 미해결 상태로 남겨진 사건들(X 파일)을 조사하는 FBI 특수요원 폭스 멀더와 데이나 스컬리의 활약상을 그린 SF 스릴러 TV 드라마 시리즈.

멀더는 외계인의 존재나 과학으로 설명할 수 없는 초자연적인 현상을 믿는 반면, 회의적인 성격의 스컬리는 멀더가 발견한 것들에 대하여 과학적인 분석으로 비합리적인 부분들을 지적하며 멀더를 좀더 정상적으로 보이는 사건으로 끌어들이려 노력한다.","David Duchovny, 질리언 앤더슨, Mitch Pileggi","Mark Snow, Chris Carter, Glen Morgan",https://image.tmdb.org/t/p/original/ibtWjhLDK6lcGDiY9eC6SX7Orkt.png,https://image.tmdb.org/t/p/original/6BVL2a1fuRAj7rEflQ5HcrM2dRS.jpg,https://www.youtube.com/watch?v=_HTByz4RlqI
4177,시리즈,Perry Mason,"Mystery, Drama, Crime",12,9,The cases of master criminal defense attorney Perry Mason and his staff who handled the most difficult of cases in the aid of the innocent.,"Raymond Burr, Barbara Hale, William Hopper","Herbert Hirschman, Christian Nyby, Jesse Hibbs",https://image.tmdb.org/t/p/original/fxgJjWGqBWITlZLD2ugS7PbiwXB.png,https://image.tmdb.org/t/p/original/1th2fC46icNw67k51FykUn3wwC0.jpg,https://www.youtube.com/watch?v=PA9t1nSGXXE
4229,시리즈,Dexter's Laboratory,"Animation, Comedy, Sci-Fi & Fantasy",,4,"Dexter, a boy-genius with a secret laboratory, constantly battles his sister Dee Dee, who always gains access despite his best efforts to keep her out, as well as his arch-rival and neighbor, Mandark.","Candi Milo, Kat Cressida, Jeff Bennett","Thomas Chase, Steve Rucker, Davis Doi",https://image.tmdb.org/t/p/original/hLQvZVfdCIeOY3Kk0thIbmadUB0.png,https://image.tmdb.org/t/p/original/inJJn8lUPWdvdy2h259UnoHWVqC.jpg,https://www.youtube.com/watch?v=W7-e2SgsyLk
4239,시리즈,Married... with Children,Comedy,12,11,"Al Bundy is an unsuccessful middle aged shoe salesman with a miserable life and an equally dysfunctional family. He hates his job, his wife is lazy, his son is dysfunctional (especially with women), and his daughter is dim-witted and promiscuous.","Ed O'Neill, Katey Sagal, Amanda Bearse","Matthew Berry, Eric Abrams, Kim Weiskopf",https://image.tmdb.org/t/p/original/7MlhM0yh6suP5uLX02ndZVilrIN.png,https://image.tmdb.org/t/p/original/qxdOgESOkBMmfcWUizL01mbdqzl.jpg,https://www.youtube.com/watch?v=p8t5cOjlEPU
4313,시리즈,풀 하우스,"코미디, 가족",0,8,1987년부터 1995년 사이 미국에서 많은 사랑을 받았던 시트콤,"John Stamos, Bob Saget, Dave Coulier","Tom Amundsen, Tom Burkhard, James O'Keefe",https://image.tmdb.org/t/p/original/uMFvvQYCYaDD4j6GMiobUj0y4Ws.png,https://image.tmdb.org/t/p/original/7g0EyKsIaYjYw3gCIBKMHHE0Kcu.jpg,https://www.youtube.com/watch?v=SDP7__2F1YE
4357,시리즈,Mission: Impossible,"Action & Adventure, Crime, Drama, Mystery",12,7,"Mission: Impossible is an American television series that was created and initially produced by Bruce Geller. It chronicles the missions of a team of secret government agents known as the Impossible Missions Force. In the first season, the team is led by Dan Briggs, played by Steven Hill; Jim Phelps, played by Peter Graves, takes charge for the remaining seasons. A hallmark of the series shows Briggs or Phelps receiving his instructions on a recording that then self-destructs, followed by the theme music composed by Lalo Schifrin.

The series aired on the CBS network from September 1966 to March 1973, then returned to television for two seasons on ABC, from 1988 to 1990, retaining only Graves in the cast. It later inspired a popular series of theatrical motion pictures starring Tom Cruise, beginning in 1996.","Peter Graves, Greg Morris, Peter Lupus","Robert H. Justman, William Woodfield, Bruce Geller",https://image.tmdb.org/t/p/original/5dTv8RjhPOln3Y5hANqdfxm7B59.png,https://image.tmdb.org/t/p/original/bAnCcwe70IXHRwUgsRJT4ZlQ47o.jpg,https://www.youtube.com/watch?v=None
4376,시리즈,JAG,"Drama, Action & Adventure, Crime",16,10,"Harmon ""Harm"" Rabb Jr. is a former pilot turned lawyer working for the military's JAG (Judge Advocate General) division, the elite legal wing of officers that prosecutes and defends those accused of military-related crimes. He works closely with Lt. Col. Sarah Mackenzie, and together they do what needs to be done to find the truth.","David James Elliott, Catherine Bell, Patrick Labyorteaux","Donald P. Bellisario, Charles Holland, Michael Zinberg",https://image.tmdb.org/t/p/original/ac4uUoKUD0kTxXHm04dp7u10ksc.png,https://image.tmdb.org/t/p/original/zPyHpkJZ5O08lbgrQQIROXtb3xz.jpg,https://www.youtube.com/watch?v=None
4397,시리즈,V.I.P.,"Action & Adventure, Comedy, Crime",12,4,"While attending a Hollywood premiere with a famous action star, a crazed fan pulls a gun—but her movie hunk turns into a coward, and it's Vallery who becomes the hero. Suddenly, she's thrown into a world of action and danger as owner of a Hollywood protection agency, Vallery Irons Protection (V.I.P.), taking risks to protect others at a price few are willing to pay.","Pamela Anderson, Molly Culver, Shaun Baker","Frankie Blue, Morgan Gendel, J.F. Lawton",https://image.tmdb.org/t/p/original/spu9tVjlJ3BJFmcSGT3FP5GsymJ.png,https://image.tmdb.org/t/p/original/2pHBPVGn2DpYEAHBdT62nc0untt.jpg,https://www.youtube.com/watch?v=None
4414,시리즈,Highlander: The Series,"Sci-Fi & Fantasy, Drama, Action & Adventure",16,6,"Duncan MacLeod cannot die -- he is a 400-year-old immortal, who has seen his share of humanity's history. Still, he risks his life in battle against other immortals and tries to save people from harm.","Adrian Paul, Jim Byrnes",Marc Wielage,https://image.tmdb.org/t/p/original/hrzWwnQIS2LemgRv7mvx1kSL227.png,https://image.tmdb.org/t/p/original/vwoWfGx0ZYvpK7gTPeen64M0QS5.jpg,https://www.youtube.com/watch?v=ypyvcfnu4Gg
4482,시리즈,Bewitched,"Sci-Fi & Fantasy, Comedy, Family, Drama",6,8,"Samantha Stephens is a seemingly normal suburban housewife who also happens to be a genuine witch, with all the requisite magical powers. Her husband Darrin insists that Samantha keep her witchcraft under wraps, but situations invariably require her to indulge her powers while keeping her bothersome mother Endora at bay.","Elizabeth Montgomery, Dick Sargent, Agnes Moorehead","William Asher, William Froug, Harry Ackerman",https://image.tmdb.org/t/p/original/1RksPe8I9h1Ts24gybDsy2L36Ce.png,https://image.tmdb.org/t/p/original/7UZVO1SclbgVWM2ELrwWGaS7i94.jpg,https://www.youtube.com/watch?v=0oT208N0Xd4
4546,시리즈,커브 유어 엔수지애즘,코미디,16,12,"래리는 새 파일럿 쇼 제작에 돌입한다. 그의 쇼는 아이템 제안 때부터 넷플릭스의 좋은 반응을 끌어내며 순조롭게 출발하지만, 전혀 예기치 않은 사고와 사건들 때문에 번번이 위기를 맞는다.","Larry David, Jeff Garlin, Susie Essman","Larry David, Larry David, Jeff Garlin",https://image.tmdb.org/t/p/original/dEaoNQpQcWDXhiqlz9E0XKlw8PN.png,https://image.tmdb.org/t/p/original/mZqWmSq1M61Jlre3furVDSXvdrN.jpg,https://www.youtube.com/watch?v=None
4556,시리즈,Scrubs,Comedy,12,9,"In the unreal world of Sacred Heart Hospital, John ""J.D."" Dorian learns the ways of medicine, friendship and life.","Zach Braff, Donald Faison, John C. McGinley","Josh Bycel, Zach Braff, Randall Keenan Winston",https://image.tmdb.org/t/p/original/6lCg07nxaLGpEap849catTySkvi.png,https://image.tmdb.org/t/p/original/u1z05trCA7AuSuDhi365grwdos1.jpg,https://www.youtube.com/watch?v=zOgb3KIJDY8
4601,시리즈,Law & Order: Criminal Intent,Drama,16,10,The third installment of the “Law & Order” franchise takes viewers deep into the minds of its criminals while following the intense psychological approaches the Major Case Squad uses to solve its crimes.,"Vincent D'Onofrio, Kathryn Erbe, Julia Ormond","Dick Wolf, Warren Leight, Walon Green",https://image.tmdb.org/t/p/original/zzNoDbK0vvAOdZIzUiwKUjbwyyO.png,https://image.tmdb.org/t/p/original/68MUdrxeokhmd8pvlAjkD6yIfHR.jpg,https://www.youtube.com/watch?v=75IXY062Iqw
4604,시리즈,스몰빌,"Sci-Fi & Fantasy, Action & Adventure, 드라마",15,10,우리에게 슈퍼맨으로 친숙한 클라크 켄트의 유년기를 새로이 재조명한 워너 브라더스사의 SF시리즈물 드라마,"Tom Welling, Erica Durance, Cassidy Freeman","Alfredo Septién, Tom Welling, Anne Cofell Saunders",https://image.tmdb.org/t/p/original/ePZAsSSkT2G0j1F1U13ZE675N6I.png,https://image.tmdb.org/t/p/original/pUhJGETy2sec4vEkiqJ9eGeIywc.jpg,https://www.youtube.com/watch?v=70Y32si4yb8
4616,시리즈,Xena: Warrior Princess,"Drama, Action & Adventure, Sci-Fi & Fantasy",16,6,"Xena is an infamous warrior on a quest to seek redemption for her past sins against the innocent. Accompanied by her comrade-in-arms Gabrielle, the campy couple use their formidable fighting skills to help those who are unable to defend themselves.","Lucy Lawless, Renee O'Connor","Sean Button, Zoë Bell, Robert Tapert",https://image.tmdb.org/t/p/original/41DG1LjLgSQn5PosafZe6K4qm6P.png,https://image.tmdb.org/t/p/original/qjUn6GVZVDifLHB7bvVrgZsOfzE.jpg,https://www.youtube.com/watch?v=VvwtBohkgto
4620,시리즈,유레카,"Sci-Fi & Fantasy, 코미디, 드라마",12,5,"미국의 Syfy 채널에서 2006년부터 2012년까지 방영한 SF 드라마이다. 유레카라고 불리는 이 마을은 2차 세계대전이 끝난후에 알베르트 아인슈타인이 해리 S. 트루먼 대통령에게 과학자들의 천국을 만들자고 건의해서 만들어진 마을이며, 현재는 펜타곤이 이 마을을 담당[3]하고 있다. 철통같은 보안으로 51구역이 부러워 한다고 한다...","Colin Ferguson, Salli Richardson-Whitfield, 조 모턴","Rick Maguire, Bear McCreary",https://image.tmdb.org/t/p/original/hzfIri2vgVJJhJd7vWnZlUwS9oi.png,https://image.tmdb.org/t/p/original/f2l5hUk63hPqYTucnFy2HmElFV0.jpg,https://www.youtube.com/watch?v=WiPWghJQS3o
4629,시리즈,스타게이트 SG-1,"Sci-Fi & Fantasy, Action & Adventure, 미스터리",12,10,"미국 시간으로 1997년 7월 27일에 첫 방송 되었으며 자그마치 10년에 걸친 드라마이다. 스타게이트 프랜차이즈는 미국드라마 사상 군사 SF류로써는 스타 트렉에 이은 2번째로 긴 시즌+에피소드를 자랑한다. 스타게이트 프로젝트 최초의 결성팀인 SG-1팀의 활약이 주 이야기이며, SG-1은 스타게이트 시리즈 중에서도 단일 드라마로는 미국 기준으로는 스몰빌과 함께 10시즌으로 최장 방영 SF드라마이다.[1] 다만 별 의미는 없지만, 에피소드 수는 스몰빌이 더 많다.

현직 공군 참모총장 두명이 카메오로 출연하고 주연 배우인 리처드 딘 앤더슨[2]이 시리즈 종료 후 공군 명예 준장을 수여받을 정도로 미 공군과의 관계가 각별하다. 공군은 우주군의 역할도 겸하기에[3] 홍보차원에서 SF시리즈에 대대적인 지원을 해 준 것으로 보이지만 사실 10년에 걸친 시리즈 대부분에 지구측 우주선이 거의 등장하지 않는다(...)[4] 애초에 주된 스토리 라인중 하나가 바로 지구측이 우주 함대로 무장하기 위해서 기술을 확보하는 것이 주요 목표중 하나라서 지구측 우주선이 잔뜩 나오면 시리즈가 끝난다(...) 그리고 진짜 끝났다. 덕분에 대부분의 액션은 공군과는 크게 관련없는 잠입/침투나 지상작전(...) 또한 주력으로 등장하는 총기가 공항 등 후방 방어용으로 설계된 P90만 죽어라고 등장하는 이유도 공군탓도 있을듯.현실은 민간으로 구하기 쉬운것 중에서 가장 미래형 디자인으로 생겼기에(...)[5]

아포피스의 첫 지구 침투 사건을 계기로 잭 오닐은 스타게이트 보관 기지의 책임자 조지 해먼드 장군에게 불려온다. 그는 스타게이트 사령부[6]에 합류하게 되며, 최초의 팀이자 최고의 팀인 SG-1을 맡게 된다. 이 SG-1팀을 중심으로 전개된다.","Ben Browder, Amanda Tapping, Christopher Judge","Michael Greenburg, Robert C. Cooper, 리처드 딘 앤더슨",https://image.tmdb.org/t/p/original/AllIGHcRvZX6tEobLIngEl1QaN9.png,https://image.tmdb.org/t/p/original/dQjmI7XxI47v8IM2MUysHG0LuU2.jpg,https://www.youtube.com/watch?v=wSRS7c_UqaM
4630,시리즈,티미의 못말리는 수호천사,"애니메이션, 코미디, Sci-Fi & Fantasy, Kids",7,10,수호천사와 티미가 벌이는 좌충우돌 이야기,"타라 스트롱, Susanne Blakeslee, Daran Norris","Butch Hartman, Fred Seibert, Guy Moon",https://image.tmdb.org/t/p/original/e8TokAgkQrzZIbEPdskUP58ud8m.png,https://image.tmdb.org/t/p/original/3ryMj7tIvVtiXyI2tLvHYTjOjq4.jpg,https://www.youtube.com/watch?v=no8vgXg_rlw
4660,시리즈,Adam-12,"Crime, Drama",12,7,"Adam-12 is a television police drama that followed two police officers of the Los Angeles Police Department, Pete Malloy and Jim Reed, as they patrolled the streets of Los Angeles in their patrol unit, 1-Adam-12.","Martin Milner, Kent McCord, William Boyett",Jack Webb,https://image.tmdb.org/t/p/original/lBlwuCkIYAkts9bFM3IU5eKFQaz.png,https://image.tmdb.org/t/p/original/9hY1H8A6sPghNNHPQJYMgJYpemZ.jpg,https://www.youtube.com/watch?v=None
5920,시리즈,멘탈리스트,"범죄, 드라마, 미스터리",15,7,"2008년 9월 CBS에서 방영을 시작한 범죄심리수사물. 예리한 관찰력과 날카로운 추리력을 가진 패트릭 제인은 사람들의 행동을 관찰해서 그 마음을 읽는 능력을 이용하여 돈벌이를 하며 살아가고 있었다. 그러다가 한 방송에서 연쇄살인범 레드존에 대한 언급을 하게 되고, 그로 인해 아내와 딸이 레드존에게 죽임을 당한다. 그 후 제인은 레드존에 대한 정보를 얻기 위해 CBI(캘리포니아 연방수사대)를 찾아가게 되고, 우연히 그들의 수사를 돕게 되면서 수사대의 자문위원이 되고 각종 범죄를 해결하며 레드존을 잡기 위한 정보도 취합해 간다.","Simon Baker, 로빈 터니, Tim Kang","Jordan Harper, Tom Donaghy, Alex Berger",https://image.tmdb.org/t/p/original/aB5jf4O14dykrksrPgtOlvVk0pi.svg,https://image.tmdb.org/t/p/original/acYXu4KaDj1NIkMgObnhe4C4a0T.jpg,https://www.youtube.com/watch?v=nn2Q69pSC_M
8514,시리즈,루폴의 드래그 레이스,Reality,19,16,독보적인 무대 장악력을 뽐내는 퀸들이 무한 경쟁에 나섰다. 이들의 목표는 10만 달러 상금과 '미국의 차세대 드래그 슈퍼스타'라는 명예. 드래그 퀸의 대모 격인 루폴이 이들의 화려한 무대를 이끈다. 에미상 수상에 빛나는 리얼리티 쇼.,"루폴, Michelle Visage, Carson Kressley","Tori Himes, Casey Allan, West Buchanan",https://image.tmdb.org/t/p/original/y2wUAB4og8Pi6ocOag3LSkKqVHz.png,https://image.tmdb.org/t/p/original/6LThfVcGWSLswQaQh2vvk1Q2IoH.jpg,https://www.youtube.com/watch?v=None
8590,시리즈,Plus belle la vie,"Drama, Comedy, Crime",,18,"The daily lives of the inhabitants of ""le Mistral"", an imaginary neighbourhood in the Mediterranean port city of Marseille, where wealthy families cross paths with the less than rich.","Michel Cordes, Laurent Kerusoré, Éléonore Sarrazin","Hubert Besson, Hubert Besson, Georges Desmouceaux",,,https://www.youtube.com/watch?v=None
10083,시리즈,The Fugitive,"Action & Adventure, Drama, Mystery",,4,"Richard Kimble is falsely convicted of his wife's murder and given the death penalty. En route to death row, Kimble's train derails and crashes, allowing him to escape and begin a cross-country search for the real killer, a ""one-armed man"". At the same time, Dr. Kimble is hounded by the authorities, most notably dogged by Police Lieutenant Philip Gerard.","David Janssen, Barry Morse, William Conrad","John Meredyth Lucas, Alan Armer, George Eckstein",,https://image.tmdb.org/t/p/original/gJpLOIYGYn0TyXeqnEhugd8RNd3.jpg,https://www.youtube.com/watch?v=S5YAg-oVpE0
10545,시리즈,트루 블러드,"Sci-Fi & Fantasy, 드라마, 미스터리",19,7,"샬레인 해리스의 베스트셀러 소설을 바탕으로 한다. 루이지애나의 한 바에서 웨이트리스 일하는 수키. 조용하고 총명하며 아름다운 그녀에게는 다른 사람의 마음을 읽을 수 있는 능력이 있다. 그러던 어느 날, 매력적인 뱀파이어 빌이 나타나는데, 그녀는 그의 마음을 읽어낼 수가 없다. 그러면서 수키는 빌에게 빠져들기 시작한다. 하지만 뱀파이어들은 살인을 저질렀다는 의심을 받고 자꾸 무서운 일들이 일어나는데..","안나 패퀸, Stephen Moyer, 알렉산더 스카스가드","Alan Ball, Nancy Oliver, Gregg Fienberg",https://image.tmdb.org/t/p/original/mETkvJgly1edlc6gOyqwrXYrppi.png,https://image.tmdb.org/t/p/original/ktEp6fzL4xzCWsSVtrcH8JaQNQy.jpg,https://www.youtube.com/watch?v=3Wk3HSiX-vQ
12433,시리즈,A Case For Two,"Drama, Crime",,33,"Ein Fall für zwei is a German television series, which premiered on September 11, 1981 on ZDF. The series, located in Frankfurt am Main, features two main characters who solve crimes: a defense attorney and a private investigator. Josef Matula, a former German police officer, has gone into private business. His method of investigation is very effective and direct, and he sometimes even resorts to dirty tricks. Claus Theo Gärtner has portrayed the role since the start of the series.","Claus Theo Gärtner, Paul Frielinghaus",Michael Mackenroth,,,https://www.youtube.com/watch?v=None
14814,시리즈,4차원 가족 카다시안 따라잡기,Reality,19,20,"킴, 코트니, 클로이 카다시안 자매와 이들의 어머니 크리스. '유명한 것으로 유명한' 가족이자 늘 화제와 논란을 몰고 다니는 카다시안 패밀리의 24시간을 따라간다. 이 핫한 셀럽 가족에게 지금의 명성을 가져다준 리얼리티 시리즈.","크리스 제너, 코트니 카다시안, 킴 카다시안","Gil Goldschein, Ryan Seacrest, Farnaz Farjam",https://image.tmdb.org/t/p/original/ug6Fw8GRAbDJ5gAQChbVCqyQABZ.svg,https://image.tmdb.org/t/p/original/nddXOC8wYpIDv7giLzjjqIg8WDA.jpg,https://www.youtube.com/watch?v=None
14929,시리즈,하트랜드,"가족, 드라마, 코미디",12,17,야무진 소녀 에이미는 어머니의 갑작스럽게 죽은 충격에서 헤어나지 못 한다. 한편 에이미와 그녀의 할아버지는 목장을 잃을 수 있는 위기에 봉착한다.,"Amber Marshall, Graham Wardle, Shaun Johnston",,https://image.tmdb.org/t/p/original/1bVQuM21SMsCAIkSe61HvBdKlfi.png,https://image.tmdb.org/t/p/original/uc2gtWczT58BiAUJWFz9P5aZmNF.jpg,https://www.youtube.com/watch?v=gnLKnXN6VQc
17610,시리즈,NCIS: 로스앤젤레스,"Action & Adventure, 드라마, 범죄, 미스터리",15,14,LA 지역에서 활동하는 NCIS 특수작전부 소속 위장잡입수사 전문요원들의 활약을 그린다. NCIS의 첫번째 스핀오프 시리즈.,"Chris O'Donnell, Daniela Ruah, Eric Christian Olsen",Shane Brennan,https://image.tmdb.org/t/p/original/4WlxwU0nXG1W0hJqT58w2AWHPQM.png,https://image.tmdb.org/t/p/original/TIIgcznwNfNr3KOZvxn26eKV99.jpg,https://www.youtube.com/watch?v=Or5YChRcVAM
17937,시리즈,Ghost Adventures,Reality,12,24,"Paranormal investigator Zak Bagans and his crew, Nick Groff and Aaron Goodwin, search for haunted locations both domestically and internationally. During their investigations, Zak and crew acquaint themselves with the general area; interview locals about the hauntings; and go face-to-face with the evil spirits who reportedly haunt these locations.","Zak Bagans, Aaron Goodwin",,https://image.tmdb.org/t/p/original/sv1IZFmGcmZciDua1rdtWpHLUJb.png,https://image.tmdb.org/t/p/original/cxv4FHAle7HoFXGnWHNqwBobaB1.jpg,https://www.youtube.com/watch?v=0ztw1hwto_A
18165,시리즈,뱀파이어 다이어리,"드라마, Sci-Fi & Fantasy",19,8,"L. J. 스미스의 뱀파이어 다이어리 소설 시리즈 원작. 뉴욕 외곽도시, 미스틱 폴즈의 한 고등학교를 배경으로 두 뱀파이어 형제 스테판과 데미언, 그리고 인간 소녀 엘레나의 로맨스를 그린다.","Paul Wesley, 이언 서머홀더, 캣 그레이엄","Leslie Morgenstein, Kevin Williamson, L.J. Smith",https://image.tmdb.org/t/p/original/xhv9MgwuLwRkRZUokS1bEdXFt6E.png,https://image.tmdb.org/t/p/original/gbp4zM0FE0n23X4UFY5EBlacrog.jpg,https://www.youtube.com/watch?v=_GWtgdAYHMU
21926,시리즈,Big Brother,Reality,12,14,,Jochen Schropp,,,,https://www.youtube.com/watch?v=None
30984,시리즈,블리치,"Action & Adventure, 애니메이션, Sci-Fi & Fantasy",15,2,"'쿠로사키 이치고'는 유령을 볼 수 있는 15세의 남자다. 특수한 체질을 가지고도 평범한 생활을 하던 이치고에게 갑자기 스스로를 사신이라고 소개하는 소녀 '쿠치키 루키아'가 나타난다. 유아울러 산 사람, 죽은 사람 안 가리고 공격해서 영혼을 먹어치우는 나쁜 혼령 '호로'도 모습을 드러낸다. 그런데 호로로 인해 이치고의 가족이 쓰러져가는데...","Masakazu Morita, 折笠富美子, 安元洋貴","Haruo Miyagawa, Satomi Okuhara, Yoshihiko Tominaga",https://image.tmdb.org/t/p/original/21zm3sP3j6rmpbZR3j0quusRe6h.png,https://image.tmdb.org/t/p/original/2EewmxXe72ogD0EaWM8gqa0ccIw.jpg,https://www.youtube.com/watch?v=T6wo7bfYYu4
31248,시리즈,It's Showtime,"Comedy, Reality",,4,A Philippine noontime musical and party variety show. What began as a search for the country’s most entertaining acts evolves into a hit variety program thriving on spontaneity and animated conversations while drawing talents from all walks of life.,"Vice Ganda, Anne Curtis, Vhong Navarro",,,https://image.tmdb.org/t/p/original/nKxXaAIO2ljugKhKFYQ8LmIJ1x7.jpg,https://www.youtube.com/watch?v=None
31251,시리즈,빅토리어스,"코미디, Kids",0,4,캘리포니아의 평범한 여학생 토리 베가(빅토리아 저스티스)가 재능있는 학생들을 위한 종합예술학교인 Hollywood Arts에 갔다가 공연의 주연인 언니 트리나 베가에게 일어난 사고로 인해 대타로 공연을 하면서 자신의 재능을 인정받고 할리우드 아트에 입학하여 생기는 일상에 대한 틴 시트콤,"빅토리아 저스티스, Leon G. Thomas III, Matt Bennett","Warren Bell, Jake Farrow, Dan Schneider",https://image.tmdb.org/t/p/original/4UuD4Von8SKkYXDYOiTmBJM7zBJ.png,https://image.tmdb.org/t/p/original/2Jc4L48qEwN9HyzqsdaSX1BCGMJ.jpg,https://www.youtube.com/watch?v=FpLBDJw8iJI
31917,시리즈,프리티 리틀 라이어스,"드라마, 미스터리",15,7,"친구가 실종된 후에 서로 멀어진 4명의 소녀들이 1년 후 갑자기 사라졌던 친구로부터 이상한 문자를 받으면서 이야기가 시작되는 드라마로, 인기 소설을 바탕으로 했다.","루시 헤일, Troian Bellisario, 애슐리 벤슨","Charles Grant Craig, Joseph Dougherty, Mike Malone",https://image.tmdb.org/t/p/original/yOulcOG0UBAE9jabKk3zkhPc7jU.png,https://image.tmdb.org/t/p/original/yrObh12XoSzRtHRAfHbcVDtkxjn.jpg,https://www.youtube.com/watch?v=I6Y7Dqzu990
32608,시리즈,고대의 외계인,"다큐멘터리, 미스터리, Sci-Fi & Fantasy",12,20,"우주에서 온 지적 생명체가 수천 년 전에 지구를 방문했을까요? 공룡의 시대부터 고대 이집트까지, 초기 동굴 그림에서부터 미국에서 대량 목격까지, 각각의 에피소드는 이 오래된 논쟁을 둘러싼 질문, 추측, 자극적인 논쟁, 직접적인 설명과 근거 있는 이론들에 대한 역사적 깊이를 제공한다.","Robert Clotworthy, Giorgio A. Tsoukalos, Ariel Bar Tzadok",,https://image.tmdb.org/t/p/original/gYxKmkcldSDxaDUXnBKD0XnVVba.png,https://image.tmdb.org/t/p/original/8yR1FK6z1Gx0pyvyXRJrvbxOyuU.jpg,https://www.youtube.com/watch?v=SLHoeKZmV1U
32692,시리즈,블루 블러드,"드라마, 범죄",12,14,"뉴욕의 법집행을 담당하는 경찰, 검사 등으로 구성된 대가족에 대한 드라마.","Tom Selleck, Donnie Wahlberg, Bridget Moynahan","Mitchell Burgess, Robin Verde, Charles McClelland",https://image.tmdb.org/t/p/original/qu9RIUzkdSjvUFdnqHSRWhWmQ3p.png,https://image.tmdb.org/t/p/original/q1WlrxnCvNhBjJ4N7V0JQXjnIBN.jpg,https://www.youtube.com/watch?v=mi6USkjUWv4
32726,시리즈,밥스 버거스,"애니메이션, 코미디",12,15,햄버거집을 하는 가족들의 이야기,"H. Jon Benjamin, John Roberts, Kristen Schaal","Jim Dauterive, Loren Bouchard",https://image.tmdb.org/t/p/original/h8hQS8Y37efmzNlW6EzVnsaKff5.png,https://image.tmdb.org/t/p/original/couFnWryh9JRmmfDyPU6hUyTKIa.jpg,https://www.youtube.com/watch?v=cCrZfBME9Gc
32798,시리즈,하와이 파이브 오,"범죄, 드라마, Action & Adventure",16,10,하와이를 배경으로 범죄 조직에 맞서 싸우는 블록버스터 액션 드라마,"Alex O'Loughlin, Scott Caan, Ian Anthony Dale","Craig Cannold, Andie Neumann, Paul Grellong",https://image.tmdb.org/t/p/original/7jdKgmCQK5eNoxB44ptJnM5FCxq.png,https://image.tmdb.org/t/p/original/sIdCKlmM2nU4akIvFQaAIiU8YES.jpg,https://www.youtube.com/watch?v=xy30TGdaEAE
33238,시리즈,런닝맨,"코미디, Reality",15,1,"대한민국 최고의 연예인들이 곳곳에 있는 미션을 해결하고, 끊임없는 질주와 긴박감 넘치는 대결을 통해 대한민국 랜드마크들의 숨겨진 뒷모습을 전격 공개하는 프로그램","유재석, 지석진, 김종국","Park So Hyun, Hong Hye, Kang Hyung Sun","https://image.tmdb.org/t/p/original/uGsWIK6w8K55egckHOezrUJoeDZ.png, https://image.tmdb.org/t/p/original/qjpXZjcPighq8cKlRJFwelbOZue.png","https://image.tmdb.org/t/p/original/ArntYxWZXArwegRh9IaOq2KD1JR.jpg, https://image.tmdb.org/t/p/original/15SMnscZqd7HZ0bzruatOcKUlOV.jpg, https://image.tmdb.org/t/p/original/tyLKGpY1IJqangdhN81T6UGZqv7.jpg, https://image.tmdb.org/t/p/original/6fw542ZIlZubLoFts1uNTxpNK2i.jpg, https://image.tmdb.org/t/p/original/vJvfqi3t1LxSf4WLHiGcv9Lw4Il.jpg, https://image.tmdb.org/t/p/original/hK1pAVcTPoHwQbkOrtqJb8yOf2y.jpg",https://www.youtube.com/watch?v=v90RObJapJI
34307,시리즈,쉐임리스,"드라마, 코미디",19,11,미국 시카고 후미진 마을에서 힘겹게 살고 있는 싱글 대디 프랭크와 총명하고 독립적인 그의 여섯 자녀들의 리얼한 이야기,"윌리엄 H. 메이시, 제레미 앨런 화이트, Ethan Cutkosky","John Wells, Paul Abbott, Andrew Stearn",https://image.tmdb.org/t/p/original/vmxGfz06Eha0n1UvSckq907wFFz.png,https://image.tmdb.org/t/p/original/9akij7PqZ1g6zl42DQQTtL9CTSb.jpg,https://www.youtube.com/watch?v=9tvkYS5cA58
36361,시리즈,Ulice,"Drama, Comedy",,19,"Ulice is a Czech soap opera produced and broadcast by Nova. In the Czech language Ulice means street.

The show describes the lives of the Farský, Jordán, Boháč, Nikl, and Liška families and many other people that live in Prague. Their daily battle against real problems of living in a modern world like divorce, love, betrayal and illness or disease. Ulice often shows crime.",,,,,https://www.youtube.com/watch?v=None
37030,시리즈,Im Namen des Gesetzes,"Crime, Documentary",12,12,,"Wolfgang Bathke, Wolfgang Krewe, Mariella Ahrens",,,,https://www.youtube.com/watch?v=None
37606,시리즈,검볼,"애니메이션, 가족, Sci-Fi & Fantasy, 코미디",ALL,6,12살 사고뭉치 파란 고양이 검볼. 돈 버느라 언제나 바쁜 엄마. 게임과 TV에 빠진 철부지 아빠. 어리지만 똑소리 나는 여동생. 늘 검볼과 함께하는 금붕어 절친. 평범한 듯 특별한 검볼 가족의 시끌벅적한 일상을 그린 애니메이션.,"Sandra Dickinson, Kerry Shale, Dan Russell","Mic Graves, Ben Bocquelet",https://image.tmdb.org/t/p/original/2TBBu6Evw6uTJ9ChOU7mKEemDSF.png,https://image.tmdb.org/t/p/original/VYnnyA2hyxi3VUPgCA71mMtt69.jpg,https://www.youtube.com/watch?v=v27QcfOoonI
37632,시리즈,Switched at Birth,"Drama, Family",12,5,"The story of two teenage girls who discover they were accidentally switched as newborns in the hospital. Bay Kennish grew up in a wealthy family with two parents and a brother, while Daphne Vasquez, who lost her hearing at an early age due to a case of meningitis, grew up with a single mother in a working-class neighborhood. Things come to a dramatic head when both families meet and struggle to learn how to live together for the sake of the girls.","Vanessa Marano, Katie Leclerc, Lucas Grabeel","Linda Gase, Lizzy Weiss, Paul Stupin",,https://image.tmdb.org/t/p/original/db5XnOxGcUHeNhBRNbHfqTlzXmk.jpg,https://www.youtube.com/watch?v=WgUKOnbKD68
38409,시리즈,루폴의 드래그 레이스: 꺼내봐!,Reality,12,15,"무대를 벗어나기가 무섭게 실체를 드러내는 퀸들. 화려한 겉모습은 안녕~ 눈물 콧물 쏟아내며, 감춰둔 속마음을 속속들이 끄집어낸다. 루폴의 드래그 레이스에선 볼 수 없는 퀸들의 백스테이지 모습, 기대하시라.",루폴,"Fenton Bailey, Randy Barbato, Tom Campbell",https://image.tmdb.org/t/p/original/a2YeFJlG3SK2iKxSxkF7Mw4S8w4.png,https://image.tmdb.org/t/p/original/vJgyxhwAtdld0zpVlMtpy5M3oat.jpg,https://www.youtube.com/watch?v=None
38693,시리즈,레고 닌자고,"애니메이션, Action & Adventure, Sci-Fi & Fantasy, 코미디",ALL,16,"최초의 스핀짓주 마스터로 부터 내려져온, 선과 악의 대결을 종결시킬 그린닌자(로이드)를 지키기 위해, 마스터 우는 불, 번개, 얼음, 흙의 속성을 가진 원소 마스터들을 훈련시키는데....","Vincent Tong, Sam Vincent, Michael Adamthwaite","Dan Hageman, Kevin Hageman, Jay Vincent",https://image.tmdb.org/t/p/original/7MSskBZ9qhIthuhqCBiBLpIyo7h.png,https://image.tmdb.org/t/p/original/fqb9X4th2p2voefRLqdv1xoZQmC.jpg,https://www.youtube.com/watch?v=HYq2mqs6Yi0
39272,시리즈,원스 어폰 어 타임,"드라마, Sci-Fi & Fantasy",15,7,"동화책 속 캐릭터들이 기억을 잃은 저주를 받은 채 시간에 갇혀 살아가는 마을이 있다. 이곳에 28살인 엠마 스완이 어릴 때 입양보낸 아들, 헨리와 함께 온다. 엠마로 인해 멈춘 시간이 다시금 흘러가고, 엠마는 자신이 저주받은 사람들을 구해낼 '구원자'의 운명을 타고났음을 알게 된다.","Lana Parrilla, Colin O'Donoghue, 로버트 칼라일","Thomas DeGorter, Joseph Schultz",https://image.tmdb.org/t/p/original/yJxrH5bIrulN9JYVoCZokNKl3Vp.png,https://image.tmdb.org/t/p/original/u95scYysMZvBoekSLmMNJjeqXcY.jpg,https://www.youtube.com/watch?v=Rga4rp4j5TY
39279,시리즈,Hart of Dixie,"Comedy, Drama",12,4,"New Yorker Zoe Hart has it all figured out - after graduating top of her class from medical school, she'll follow in her father's footsteps and become a cardio-thoracic surgeon. But when her dreams fall apart, Zoe decides to work at a small practice in Bluebell, Alabama.","Rachel Bilson, Jaime King, Cress Williams",,https://image.tmdb.org/t/p/original/acbNNBvJg3Aj4CqiL2GzlVDXK23.png,https://image.tmdb.org/t/p/original/xOwH2ZUtdzqeat5RhiD3oes2ASx.jpg,https://www.youtube.com/watch?v=None
39340,시리즈,투 브로크 걸스,코미디,12,6,"뉴욕 브룩클린에서 웨이트리스로 일하는 20대 여성, 맥스와 캐롤라인의 이야기. 금수저 출신 캐롤라인과 빈곤한 가정에서 자란 맥스는 삶을 바라보는 방식은 다르지만, 함께 컵케이크 가게를 내기 위해 돈을 모으고 있다.","캣 데닝스, 베스 베어스, Garrett Morris","Patrick Walsh, Michael Lisbe, Nate Reger",https://image.tmdb.org/t/p/original/9mceGesAMTi7fBV6jHReeWsPyZU.png,https://image.tmdb.org/t/p/original/qCa4ANpF1QOioqRUNHgk2B3KFMZ.jpg,https://www.youtube.com/watch?v=aUkwxpMVW9M
39793,시리즈,Call the Midwife,Drama,18,13,"Drama following the lives of a group of midwives working in the poverty-stricken East End of London during the 1950s, based on the best-selling memoirs of Jennifer Worth.","Vanessa Redgrave, Helen George, Jenny Agutter","Pippa Harris, Heidi Thomas, Jennifer Worthington",,https://image.tmdb.org/t/p/original/b1p0nL00x563ACkcmGNIRP4ZnkA.jpg,https://www.youtube.com/watch?v=Sc_KQqHJTJE
41149,시리즈,Die Rosenheim-Cops,Crime,12,23,,"Max Müller, Marisa Burger, Igor Jeftic",,,,https://www.youtube.com/watch?v=None
41727,시리즈,밴쉬,"범죄, 드라마",15,4,"교도소에서 10년을 복역 하고 출소한 한 남자가 옛 여자친구를 찾아 펜실베니아주의 작은 마을 '밴쉬'를 찾아오게 된다. 남자는 마을 외곽 술집에서 벌어진 싸움에 휘말리는데 여기서 죽은 남자가 밴쉬에 새로 부임 하려던 보안관 루카스 후드라는 것을 알게 된다. 그는 예전부터 곧잘 함께 일하고 여자친구가 밴쉬에 있다는 것도 알려줬던 동료 죠브에게 부탁하여 죽은 보안관의 신분으로 위장 한 뒤 순식간에 범죄자에서 경찰로 탈바뀜 한다. 그리고 밴쉬의 경제를 사실상 지배하고 있는 악랄한 사업가 프록터와 자신의 전 여자친구 였던 아나스타샤등 수많은 사람들과 엮이며 여러가지 사건에 휘말리게 되는데....  과격한 성적 묘사, 퀄리티 높은 액션과 폭력성으로 인기를 끌었으며 2016년 시즌 4를 끝으로 종영하였다.","안토니 스타, Ivana Miličević, Ulrich Thomsen","Adam Targum, Hilda Stark, Liz Sagal",https://image.tmdb.org/t/p/original/z2DlM2bm5UZXEXrGZSquytE2lG5.png,https://image.tmdb.org/t/p/original/5nXFiz8Rn8eezVjSTZBd7HmnF1G.jpg,https://www.youtube.com/watch?v=VI7haj7HTCA
43097,시리즈,Saving Hope,"Sci-Fi & Fantasy, Drama",12,5,"When Charlie Harris ends up in a coma, he leaves the Hope-Zion Hospital in chaos - and his fiancée and fellow surgeon, Alex Reid, in a state of shock. As the staff of Hope-Zion races to save lives, comatose Dr. Harris wanders the halls of Hope-Zee in ""spirit"" form, not sure if he's a ghost or a figment of his own imagination.","Erica Durance, Julia Chan, Michael Shanks",,,https://image.tmdb.org/t/p/original/1OGQisCT1T5ChkzZVdFqhX4O1G.jpg,https://www.youtube.com/watch?v=oe3WyhkynS4
44006,시리즈,시카고 파이어,드라마,15,12,시카고의 한 소방서를 배경으로 각자의 사연을 지닌 소방관들의 숭고한 직업정신을 그린 드라마.,"Taylor Kinney, David Eigenberg, Joe Miñoso","Michael Brandt, Derek Haas, Dick Wolf",https://image.tmdb.org/t/p/original/6bSsmPaRqYnEXFxN7rycVX9zDkU.svg,https://image.tmdb.org/t/p/original/2yaeYNplMuLGNjBigMFsek7UZmq.jpg,https://www.youtube.com/watch?v=IIeSDILTE5M
45854,시리즈,유희왕 ZEXAL,"애니메이션, 코미디, Action & Adventure, Sci-Fi & Fantasy",6,1,"근미래의 마을, 하트랜드 시티에서는 어른도 아이도 AR 듀얼에 열중하고 있다.

AR 듀얼이란, 「D-게이저」와 「D-패드」를 사용하는 듀얼로,

이 2가지를 사용하는 것으로,

지면에서, 하늘에서, 그리고 건물에서

몬스터가 현실에

튀어나와 맞부딪치는,

무지막지 박력 넘치는 듀얼!

이 마을에 사는 주인공 츠쿠모 유마도

이 듀얼에 열중하고 있지만,

실력은 초심자 레벨의 연전연패 챔피언.

어느 사건을 계기로, 학교 제일의 불량배 료가와

듀얼로 승부를 내게 된 유마.

이 듀얼이, 유마의 운명을 크게 바꿔놓는다...!

이 결투 중, 항상 유마의 꿈에 나오는 불길한 문이 돌연 나타난다.

굳게 닫혀 있던 문이 개방된 순간, 무수한 빛이 넘쳐 나와,

놀라서 옆을 올려다보니...

거기에는 이세계에서 온 수수께끼의 생명체 아스트랄이 서 있었다!

아스트랄의 잃어버린 기억, 99장의 넘버즈 카드를 되찾기 위해,

둘은 함께 행동하기로 한다.

아스트랄이 나타난 진정한 이유란?

그리고, 새로운 몬스터 「넘버즈 몬스터」의

존재는 도대체 무엇이란 말인가?

계속해서 유마의 앞에 나타나는 강력한 라이벌,

그리고 밝혀져가는 아스트랄의 수수께끼.

이 콤비에 의한 새로운 듀얼의 전설이 지금, 막을 연다!!","하타나카 타스쿠, 이리노 미유, 谷育子","Wataru Nakagawa, Satoshi Kuwabara, Shin Yoshida",,https://image.tmdb.org/t/p/original/3aZUtzeHQrLgQQdYNqHSbJqj59G.jpg,https://www.youtube.com/watch?v=ajFTuo6LQLc
46296,시리즈,스파르타쿠스,드라마,19,3,"2010년 1월 Starz에서 방영을 시작한 드라마. 기원전 73년부터 2년 뒤인 기원전 71년까지 노예들을 이끌고 반(反)로마 공화정 항쟁을 지도한 노예 검투사 스파르타쿠스의 이야기를 바탕으로 각색했다. 로마의 접경시대에 살던 소수민족 트라키아의 전사였던 스파르타쿠스가 로마군에 사로잡힌 후 투기장의 노예로 팔려가지만, 극적으로 목숨을 부지하고 카푸아의 검투사 양성소에서 글래디에이터로 명성을 떨치는 이야기를 중심으로 당시 로마 귀족들의 사치와 부패, 사회상, 그리고 자유를 향한 노예 출신 등장 인물들의 갈망을 적나라하게 보여준다.","Liam McIntyre, Dustin Clare, Manu Bennett","Todd Helbing, Steven S. DeKnight, 샘 레이미",https://image.tmdb.org/t/p/original/uw5XFr8iR7ejcb4zWqrA7bUwxqq.svg,https://image.tmdb.org/t/p/original/c2GKN4VHCj1dnjFMANRpGkCVBae.jpg,https://www.youtube.com/watch?v=4WXDJPaHuR4
46896,시리즈,오리지널스,"Sci-Fi & Fantasy, 드라마, 미스터리",15,5,"뱀파이어 다이어리 스핀오프 시리즈. 최초의 뱀파이어인 클라우스, 일라이자, 레베카가 주인공이다. 클라우스는 그의 후계자 마르셀이 지배하는 뉴올리언스로 돌아온다. 반면, 늑대인간인 헤일리는 클라우스의 아이를 임신한 채로 뉴올리언스에 등장하고, 클라우스는 자신의 왕국을 재건하고 후계자를 맞아들이려 한다.","Joseph Morgan, Daniel Gillies, Charles Michael Davis",,https://image.tmdb.org/t/p/original/eRoXDZocWwBHFZcLAmj8ASVZ9Eu.png,https://image.tmdb.org/t/p/original/2llbXc2BOkLkBGgcNJCRbrWedUO.jpg,https://www.youtube.com/watch?v=GXrDYboUnnw
46923,시리즈,셰틀랜드,"범죄, 드라마, 미스터리",16,8,영국의 여류 추리작가 앤 클리브스의 소설 「Red Bones」를 원작으로 한 드라마로 스코틀랜드의 셰틀랜드를 무대로 형사 지미 페레즈가 살인사건을 수사 하면서 벌어지는 이야기를 다룬 드라마,"Ashley Jensen, Alison O'Donnell, Steven Robertson",,https://image.tmdb.org/t/p/original/uGwzk65jERdw2JoRYU50QB8cKEw.svg,https://image.tmdb.org/t/p/original/rKnxmir8m5I3RdSTdZr3jaQaCZi.jpg,https://www.youtube.com/watch?v=6bvOxd4183E
48891,시리즈,브루클린 나인-나인,"코미디, 범죄",15,8,"경찰의 명예를 중시하는 원칙주의자 홀트 서장. 그 아래 재능은 물론 꼼수, 공갈, 운까지 총동원해서 어떻게든 사건을 해결해내는 듬직한(?) 형사들이 있는 곳. 브루클린 99 관할 경찰서에 오신 것을 환영합니다!","앤디 샘버그, Melissa Fumero, 테리 크루즈","Jess Dweck, David Phillips, Madeline Walter",https://image.tmdb.org/t/p/original/c4B02LhSKL6xLrI8vJ5IbLHL0Ue.png,https://image.tmdb.org/t/p/original/hgRMSOt7a1b8qyQR68vUixJPang.jpg,https://www.youtube.com/watch?v=1GTVc1pLJKw
49009,시리즈,골드버그 패밀리,"가족, 코미디",12,10,"육아 블로그가 생기고, 트로피가 등장하고, 땅콩 알레르기가 유행하기 전에는 80년대라는 단순한 시대가 있었다.

괴짜 11살 아담에게 이 시기는 경이로운 시절이었고, 그는 비디오 카메라로 무장하고 그 모든 신기한 장면을 카메라에 담았다. 골드버그 가족은 다른 가족들과 마찬가지로 사랑스러운 가족이었지만 고성이 끊이지 않는다..","웬디 매클렌던커비, Sean Giambrone, Troy Gentile","Demetrios Katsantonis, Adam F. Goldberg",https://image.tmdb.org/t/p/original/uQ2lw8cFij434Y5ychYUxW8oxUo.png,https://image.tmdb.org/t/p/original/pZyaKyry0V1muunoTt6pZ6cLduR.jpg,https://www.youtube.com/watch?v=Q_BJzU0ulLE
49011,시리즈,맘,"코미디, 드라마",16,8,알콜 중독을 극복하고 새로운 삶을 시작한 싱글맘 크리스티가 딸의 인생에 조언을 해주고 싶어하는 소원해졌던 엄마 보니와 함께 생활하게 되면서 일어나는 일들을 그린 가족 시트콤.,"앨리슨 제니, Jaime Pressly, Mimi Kennedy",,https://image.tmdb.org/t/p/original/iPmvTJX5RM3WudtwcOKGb94gwuy.png,https://image.tmdb.org/t/p/original/kIi3T7X0kmiV9vGDme146P2d979.jpg,https://www.youtube.com/watch?v=tSKzFgS07dI
54344,시리즈,레프트오버,"Sci-Fi & Fantasy, 드라마",15,3,"세계 인구의 2%가 동시에 사라지는 사건이 발생하고, 남겨진 가족들은 힘든 생활을 이어나간다. 작별한 자들이 떠난 지 3년이 되는 날 메이플턴 시장 루시는 영웅의 날 행사를 기획하지만 케빈은 탐탁지 않다. 한편, 어머니가 떠나간 후 질은 학교생활에 잘 적응하지 못하고 하키 연습 중에 사고를 친다.","저스틴 서로, Amy Brenneman, Christopher Eccleston","Michael Ellenberg, Patrick Somerville, Reza Aslan",https://image.tmdb.org/t/p/original/8RyKv09VtTOgUBwuLX7irOkC9vi.png,https://image.tmdb.org/t/p/original/ri8xr223xBb2TeHX3GKypvQPV2B.jpg,https://www.youtube.com/watch?v=vAB4Ux62Dww
57243,시리즈,닥터 후,"Action & Adventure, 드라마, Sci-Fi & Fantasy",15,13,타임로드라는 종족의 외계인인 닥터가 그의 동료들과 함께 시공간을 누비는 여행을 하며 때때로 지구와 인류 그리고 우주를 구하는 이야기.,"조디 휘태커, Mandip Gill, John Bishop","Claire Pritchard, Claire Pritchard, Andy Pryor",https://image.tmdb.org/t/p/original/r6aeDXC3UE8PfzdorYfQWpPJTho.png,https://image.tmdb.org/t/p/original/4edFyasCrkH4MKs6H4mHqlrxA6b.jpg,https://www.youtube.com/watch?v=8L1kU45poro
58841,시리즈,시카고 PD,"범죄, 드라마",15,11,"시카고 경찰들의 이야기. 일선에서 직접 범죄자들과 싸우는 제복 경찰들과, 조직범죄나 마약밀매 등의 범죄를 조사하는 정보팀 소속 대원들의 활약을 그린다.","Jason Beghe, Tracy Spiridakos, Marina Squerciati","Dick Wolf, Matt Olmstead, Peter Jankowski",https://image.tmdb.org/t/p/original/mcwj8Di0nBdaraQrMji6VauMBeZ.png,https://image.tmdb.org/t/p/original/mZObarMPF76PGVmwywQ7Ks4UFpR.jpg,https://www.youtube.com/watch?v=NZcr9IFS9R0
60059,시리즈,베터 콜 사울,"범죄, 드라마",19,6,"에미상 후보작 《브레이킹 배드》의 스핀 오프 시리즈로, 삼류 변호사 지미 맥길이 악덕 변호사 사울 굿맨으로 변하게 되는 과정을 그린다.","밥 오덴커크, 조너선 뱅크스, 레이 시혼","Ruth Carsch, Denise Pizzini, Jenn Carroll",https://image.tmdb.org/t/p/original/hwxBWyoeTefjafeqkIONxl0mXUV.png,https://image.tmdb.org/t/p/original/fC2HDm5t0kHl7mTm7jxMR31b7by.jpg,https://www.youtube.com/watch?v=HN4oydykJFc
60585,시리즈,보슈,"미스터리, 드라마, 범죄",19,7,베테랑 강력반 형사 해리 보쉬는 수사를 하던 중 과실치사 혐의로 재판을 받게 되고 휴직을 하게 된다. 어느 날 힐즈에서 신원 미상 아이의 뼈가 발견된 후 사건 현장에 도착한 해리는 상관의 휴직 명령을 무시하면서 본격적인 수사를 하게된다.,"Titus Welliver, Jamie Hector, Amy Aquino","Mike Malone, Michael Connelly",https://image.tmdb.org/t/p/original/odmv0hicCPprbfmsDpv51ft3NVf.png,https://image.tmdb.org/t/p/original/lQPwNJ6DRpmRfTrKy8A94c7IvU3.jpg,https://www.youtube.com/watch?v=vuVAP_4TQEY
60625,시리즈,릭 앤 모티,"애니메이션, 코미디, Sci-Fi & Fantasy, Action & Adventure",19,7,술에 절어 사는 천재 과학자 릭은 투정이 심한 10대 손자 모티를 데리고 외계와 대체 현실로 아슬아슬한 모험을 떠난다.,"Chris Parnell, Spencer Grammer, Sarah Chalke","Anthony Alfonso, Grace Freud, Cody Ziglar",https://image.tmdb.org/t/p/original/wq3wqFLwwqnhG6DxmSji9ehLcx6.png,https://image.tmdb.org/t/p/original/gdIrmf2DdY5mgN6ycVP0XlzKzbE.jpg,https://www.youtube.com/watch?v=p_bH42OiUo4
60735,시리즈,플래시,"드라마, Sci-Fi & Fantasy",15,9,낙뢰 사고의 후유증으로 초인적인 스피드를 가지게 된 CSI 수사관 배리 앨런이 범죄에 맞서 싸우는 영웅 플래시로 활약하는 이야기를 그리는 드라마,"Grant Gustin, Candice Patton, Danielle Panabaker","Jeff Hersh, Joshua V. Gilbert, Sarah Tarkoff",https://image.tmdb.org/t/p/original/oWcq3FA8JsHyfjiWGDVJ5tahSH9.png,https://image.tmdb.org/t/p/original/yZevl2vHQgmosfwUdVNzviIfaWS.jpg,https://www.youtube.com/watch?v=Mx7xTF8fKz4
60866,시리즈,아이 좀비,"드라마, 범죄, Sci-Fi & Fantasy",19,5,어느 날 갑자기 좀비가 되고 만 전도유망한 의과 레지던트 리브가 생존을 위해 검시소에 취직해 신원미상 시체들의 뇌를 먹으며 살아가기 시작하는 이야기,"로즈 맥아이버, David Anders, Robert Buckley","Rob Thomas, Diane Ruggiero, Dan Etheridge",https://image.tmdb.org/t/p/original/yZQViyCESTineuSQ6XsP4GhJdZ8.png,https://image.tmdb.org/t/p/original/q4nqNwAhzVR7JuYctrWJvUWz3xR.jpg,https://www.youtube.com/watch?v=uX8CLrTXxyo
60948,시리즈,12 몽키즈,"Sci-Fi & Fantasy, 드라마",19,4,"종말론 이후, 미래에 사는 시간 여행자가 자신의 힘을 사용하여 현재로 돌아오고, 인류를 말살할 전염병을 막기 위해 노력한다.","Aaron Stanford, Amanda Schull, 바르바라 수코바","Nathaniel Smith, 찰스 로븐, Richard Suckle",https://image.tmdb.org/t/p/original/2wxNAphMfMzMOJP3cudyZS71fXA.png,https://image.tmdb.org/t/p/original/tPX5Jg29XSx05qNterYGYGKbh3o.jpg,https://www.youtube.com/watch?v=wZNcVYqnCFw
61387,시리즈,NCIS: 뉴올리언스,"Action & Adventure, 드라마, 코미디",15,7,뉴올리언스를 배경으로 미 해군범죄수사국 NCIS가 펼치는 활약을 그리는 드라마,"Scott Bakula, Vanessa Ferlito, Necar Zadegan",,https://image.tmdb.org/t/p/original/dFfRApfU9l2UDWyN5RjUcW4fpAV.png,https://image.tmdb.org/t/p/original/1WJJUUZODmRTcFydLDBUtiztL6x.jpg,https://www.youtube.com/watch?v=None
61418,시리즈,제인 더 버진,"코미디, 드라마",19,5,"순결 서약을 한 제인은 의료 실수로 인한 임신을 하게 되고, 그로 인해 자신의 장래 계획이 송두리째 바뀌게 될 운명에 처하게 된다.","지나 로드리게즈, Andrea Navedo, Yael Grobglas","Julie Michaels, Jared Forman",https://image.tmdb.org/t/p/original/iPyN6PlQO0wrEXV4uBupDjIjjKD.png,https://image.tmdb.org/t/p/original/DRRHgvsNEfBloMgIP8bBw4zi4E.jpg,https://www.youtube.com/watch?v=3JPNVHRNCrY
61852,시리즈,Henry Danger,"Comedy, Family, Kids, Drama",12,5,"When 13-year-old Henry Hart lands a job as Danger, the sidekick-in-training to superhero Captain Man, he must learn to navigate a double life balancing the challenges of 8th grade with the crazy adventures of a real-life crime fighter!","Cooper Barnes, Jace Norman, Sean Ryan Fox",,https://image.tmdb.org/t/p/original/xkC1jloJRr9crbGm9puKKk0zQRy.png,https://image.tmdb.org/t/p/original/f3TEP5SROTpL6e520ohhSNbUv1E.jpg,https://www.youtube.com/watch?v=KACpd-9ON2M
61889,시리즈,마블 데어데블,"범죄, 드라마, Action & Adventure",19,3,"2015년 4월 Netflix에서 방영을 시작한 드라마. 1990년대 초 맷 머독이라는 아홉 살 소년이 이 길거리에서 어느 노인을 구하려다 눈이 화학물질에 노출되어 시력을 잃게 된다. 대신 다른 감각들이 극도로 발달하게 되고, 그로 인해 고통받다가 스틱이라 불리는 노인에게 감각을 통제하는 방법과 무술을 배우게 된다. 머독은 로스쿨 졸업 후 랜드맨 & 잭 로펌에서 일하다 고향인 뉴욕 헬스 키친에 친우 포기 넬슨과 함께 변호사 사무실을 차리게 되고 낮에는 변호사, 밤에는 슈퍼 히어로 데어데블이 되어 뉴욕 헬스키친의 불의에 맞서 악당과의 고독한 싸움을 계속한다.","찰리 콕스, Deborah Ann Woll, Elden Henson",Jeph Loeb,https://image.tmdb.org/t/p/original/cSHQ66gFT7H71Xe04Fqw3RRqrxs.png,https://image.tmdb.org/t/p/original/4fcJKU6p3ZwbryRyblZXDcBtY0f.jpg,https://www.youtube.com/watch?v=KFYFh8w4758
62286,시리즈,피어 더 워킹 데드,"Action & Adventure, 드라마",19,8,"2015년 8월 AMC에서 방영을 시작한 좀비 좀비 아포칼립스물. 인기 시리즈 워킹 데드의 스핀오프 작품으로, 본편과 달리 좀비 사태가 벌어진 최초의 시점에서 당황하며 어쩔 줄 몰라하던 사람들이 점차 적응해 가는 이야기를 다루고 있다. 폐쇄된 교회에서 약에 취한 채 깨어난 닉은 함께 마약을 하던 글로리아가 사라지자 그녀를 찾기 위해 아래층으로 내려간다. 그곳에서 피와 시체들이 널부러져 있는 사이에서 글로리아가 시체를 뜯어먹고 있는 모습을 보게 된다. 겁에 질려 교회 밖으로 도망치다가 차에 치여 병원에 실려간 닉은 마약 중독 치료 권고를 받고, 자신이 본 것을 얘기하지만 정신병으로 오해 받는다.","Kim Dickens, Lennie James, Rubén Blades","Frank Hildebrand, Nazrin Choudhury, Robert Kirkman",https://image.tmdb.org/t/p/original/zhCc9jAnHtVW12KhRU9RI8Bm6Yf.png,https://image.tmdb.org/t/p/original/l7N9aS6VyYvjelKoCB2eZge0Qky.jpg,https://www.youtube.com/watch?v=WDxew5SguVw
62643,시리즈,DC 레전드 오브 투모로우,"Action & Adventure, Sci-Fi & Fantasy, 드라마",15,7,미래에서 온 미스터리한 '타임 마스터' 립 헌터가 개성 뚜렷한 슈퍼히어로와 악당들을 한 팀으로 꾸려 불멸의 악당으로부터 지구 수호에 나선다.,"Caity Lotz, Tala Ashe, Jes Macallan","Paiman Kalayeh, Morgan Faust, Matthew Maala",https://image.tmdb.org/t/p/original/aRWFdJ1r2CH38ztrb05y37LUadg.png,https://image.tmdb.org/t/p/original/icv3e1l8od9VjQD4NlvpBySyY09.jpg,https://www.youtube.com/watch?v=_j_mEixBPMw
62649,시리즈,슈퍼스토어,코미디,12,6,대형 슈퍼마켓을 배경으로 벌어지는 이야기,"Ben Feldman, Lauren Ash, Colton Dunn",,https://image.tmdb.org/t/p/original/v9DO3H8BBjzmTIqCvRULY1s1ht5.png,https://image.tmdb.org/t/p/original/maBJkaBM4UqAttn9UkLCfZEVEfk.jpg,https://www.youtube.com/watch?v=NgZXnTZbF3g
62688,시리즈,슈퍼걸,"드라마, Sci-Fi & Fantasy, Action & Adventure",15,6,재난을 막기 위해 자신의 초능력과 정체를 드러낸 카라 댄버스. 슈퍼맨의 사촌이자 슈퍼걸로 알려진 그녀가 내셔널 시티의 수호자로 나선다.,"멜리사 베노이스트, Chyler Leigh, David Harewood","Karen Maser, Jay Faerber, J. Holtham",https://image.tmdb.org/t/p/original/uN3wd0a3QEpIIKEmXVGmIa1Gw22.png,https://image.tmdb.org/t/p/original/vqBsgL9nd2v04ZvCqPzwtckDdFD.jpg,https://www.youtube.com/watch?v=Mh8MYFadTmQ
62710,시리즈,블라인드스팟,"범죄, 드라마, Action & Adventure",15,5,"2015년 9월 NBC에서 방영을 시작한 범죄 드라마. 인파로 북적이는 뉴욕 타임스퀘어. 커다란 가방이 바닥에 방치된 채 놓여 있지만 아무도 신경쓰지 않는다. 한 경관에 가방에 접근하고, FBI에 알리라는 내용이 적힌 태그가 가방에서 발견된다. 인파를 철수시킨 거리에 폭탄 제거반이 도착하고 가방을 열려는 순간, 온 몸이 문신으로 뒤덮인 전라의 여자가 가방 속에서 나타난다. 모든 기억을 잃은 듯 본인의 이름조차 기억하지 못하는 여자의 등에는 FBI 요원 커트 웰러의 이름이 새겨져 있고, 작전 수행 중이던 커트는 뉴욕으로 급파된다.","제이미 알렉산더, Sullivan Stapleton, Audrey Esparza","Sarah Rath, Chad McQuay, Rachel Caris Love",https://image.tmdb.org/t/p/original/jFbAJvkTpHN2CU6lvMIShKzLqO1.png,https://image.tmdb.org/t/p/original/4AeYzamQmd9Fa6hawDmYKbdvBSe.jpg,https://www.youtube.com/watch?v=biSRZM1NLDs
63247,시리즈,웨스트월드,"Sci-Fi & Fantasy, 서부",19,4,"2016년 10월 HBO에서 방영을 시작한  SF 스릴러. 1973년 작인 동명의 영화를 원작으로 한다. 웨스트월드는 로봇인 호스트를 이용해 관람객들의 판타지를 실현해 주는 미래형 테마파크이다. 방문한 고객은 무엇이든 자신이 하고 싶은 것을 할 수 있는데, 호스트들과 함께 탐험을 할 수도, 이들과 특정한 교류로 퀘스트를 받을 수도, 현상금 사냥을 할 수도 있으며 강간과 약탈 역시 가능하다. 어느 날 한 호스트가 풀밭에 떨어진 현실 사진 한 장으로부터 고민을 시작해 자기가 로봇이라는 것을 자각한다.","에반 레이첼 우드, 탠디 뉴턴, 제프리 라이트","Keri Bruno, Ali Naqvi, Morgan Shaw",https://image.tmdb.org/t/p/original/wLgo4oQUzszSoF70Yznb3scRBUc.png,https://image.tmdb.org/t/p/original/8MfgyFHf7XEboZJPZXCIDqqiz6e.jpg,https://www.youtube.com/watch?v=jAygEy8dujg
64414,시리즈,왁푸,"애니메이션, Action & Adventure, 드라마, Sci-Fi & Fantasy, 코미디",6,4,"놀랍다, 이 아이. 엄청난 에너지가 있어! 작은 마을의 평범한 소년 유고, 신비한 능력을 발견하면서 비범한 모험을 시작하다. 왁푸의 비밀을 밝히고 진짜 가족도 찾으러 출발!","Thomas Guitard, Geneviève Doang, Fanny Bloc","Anthony Roux, Thomas Guitard, Anthony Roux",,,https://www.youtube.com/watch?v=PZ-k5T0DFLo
64432,시리즈,더 매지션스,"드라마, Sci-Fi & Fantasy",15,5,뉴욕주 북부의 비밀스러운 마법 대학교 브레이크 빌스에 입학한 쿠엔틴과 20대 입학생들이 어릴 적 동화책에서나 보던 마법을 실제로 경험하게 되면서 벌어지는 이야기,"Olivia Taylor Dudley, Arjun Gupta, Stella Maeve",Ben Shepherd,https://image.tmdb.org/t/p/original/gTdU0ALPFDieRGFdrXrUMbaQbRN.png,https://image.tmdb.org/t/p/original/A66dZN98BPEYeFQAhNdNCIXa57d.jpg,https://www.youtube.com/watch?v=lZTEN8BVQ5s
65701,시리즈,Good Mythical Morning,Comedy,,25,"Two ""Internetainers"" (Rhett & Link) go far out and do the weirdest  things, giving you a daily dose of casual comedy every Monday-Friday.","Link Neal, Rhett McLaughlin",,,https://image.tmdb.org/t/p/original/2Fja87aTeuXxTEI1MH2IuHHSsLq.jpg,https://www.youtube.com/watch?v=1iLbfGIygO0
67026,시리즈,지정생존자,"드라마, War & Politics",15,3,무자비한 폭탄 테러로 삽시간에 아수라장이 된 워싱턴. 주목받지 못하던 장관 톰 커크먼이 혼돈의 정부를 책임지고 나아가는 수밖에 없다. 사상 최악의 위기에 빠진 미합중국을 무사히 이끌어야 할 막중한 책임이 그에게 주어진다.,"키퍼 서덜랜드, 메기 Q, Kal Penn","Neal Baer, Dawn DeNoon, Peter Noah",https://image.tmdb.org/t/p/original/mQ4d5Wi6qoDBEk7vxZtzTgjOaer.png,https://image.tmdb.org/t/p/original/5R125JAIh1N38pzHp2dRsBpOVNY.jpg,https://www.youtube.com/watch?v=None
67136,시리즈,디스 이즈 어스,드라마,15,6,"같은 날 태어난 사람들의 이야기로 출산을 앞둔 커플인 잭과 레베카, 텔레비전 배우 케빈, 비만과 싸우는 케이트, 그리고 낳아준 부모를 찾는 랜달의 이야기.","Milo Ventimiglia, 맨디 무어, 스털링 K. 브라운",Dan Fogelman,https://image.tmdb.org/t/p/original/4Q6yKFzBM07507ud3CY5YdjtkOc.svg,https://image.tmdb.org/t/p/original/huxmY6Dmzwpv5Q2hnNft0UMK7vf.jpg,https://www.youtube.com/watch?v=ViBgNO0FpmE
67198,시리즈,스타 트렉: 디스커버리,"Sci-Fi & Fantasy, Action & Adventure, 드라마",15,5,"한 세기 만에 다시 나타난 클링온 제국. 연방 우주에 전운이 감돈다. 그 한가운데에 놓인 스타플릿 장교들, 불명예의 낙인을 씻어내고 평화를 되찾을 수 있을까.","Sonequa Martin-Green, 더그 존스, Mary Wiseman","Trevor Roth, Aaron Harberts, Akiva Goldsman",https://image.tmdb.org/t/p/original/71KyuHqsiZKrfhzg9AZxtX1DTRx.png,https://image.tmdb.org/t/p/original/pDLjbZp93qaMhruz52sH0GsfcVr.jpg,https://www.youtube.com/watch?v=O2cSP25ye6g
68073,시리즈,The Loud House,"Animation, Comedy, Family, Kids, Mystery",6,7,"Welcome to the Loud House, where life can get pretty crazy. One boy, TEN girls?! Lincoln Loud wouldn’t change it for the world!","Cristina Pucelli, Grey DeLisle, Liliana Mumy",Chris Savino,https://image.tmdb.org/t/p/original/kvUe1whDma2pEHznSUPbPrNVq8z.png,https://image.tmdb.org/t/p/original/2UJ9Txlll3umlRoNnfBzAeCHIhR.jpg,https://www.youtube.com/watch?v=i6MpT7lLwls
69158,시리즈,굿 파이트,드라마,19,6,굿 와이프에서 1년이 지난 뒤의 일을 그리는 스핀오프 시리즈,"크리스틴 바란스키, Audra McDonald, Sarah Steele",,https://image.tmdb.org/t/p/original/cxbdcoeNL3nsaIaniQmrqbp2xfn.png,https://image.tmdb.org/t/p/original/8qoOHOfbUbrCcHZnDVxGcwOWinV.jpg,https://www.youtube.com/watch?v=5Gr1lTGUMeg
69478,시리즈,핸드메이즈 테일,"드라마, Sci-Fi & Fantasy",19,6,"남성 지배적인 전체주의 사회에서 생존을 위해 싸우는 시녀 오프레드의 이야기를 그린 드라마. 출산율이 급격하게 감소한 미국에서 가부장제를 기반으로 한 길리어드 정권이 집권한다. 한편 불임인 프레드 사령관 부부의 집에 시녀로 배치된 준은 오프레드라는 이름을 얻고, 탈출을 기약하며 살아간다.","엘리자베스 모스, 이본 스트러호브스키, Ann Dowd","엘리자베스 모스, Margaret Atwood",https://image.tmdb.org/t/p/original/xdejRl8tnuqqwAQqE5ndeRZCYo8.png,https://image.tmdb.org/t/p/original/tFTJ3YbOor3BtabI96QehXxEBii.jpg,https://www.youtube.com/watch?v=81PyH5TH-NQ
71712,시리즈,굿 닥터,드라마,15,7,자폐증을 가진 젊은 외과 의사가 명문 병원에 들어가게된다. 이에 사람들과 소통하지 못하는 의사가 사람의 목숨을 구할 수 있을 까 하는 의문이 제기되는데...,"프레디 하이모어, Fiona Gubelmann, Will Yun Lee",박재범,https://image.tmdb.org/t/p/original/zhHSO2xwslKy1PsDltKslEh0rjj.svg,https://image.tmdb.org/t/p/original/pFqzXacKsi9or1GVdxTLutXD9zM.jpg,https://www.youtube.com/watch?v=lnY9FWUTY84
71728,시리즈,영 셸든,"코미디, 가족",12,7,'빅뱅이론'의 주인공 셸든 쿠퍼의 어린 시절을 다룬 이야기.,"Iain Armitage, Zoe Perry, Lance Barber",,https://image.tmdb.org/t/p/original/phbaDwOu5BKrWpN3FiKgFRxhkn4.png,https://image.tmdb.org/t/p/original/tKwjkqTSq5fJdSxIk4yOh61tOKD.jpg,https://www.youtube.com/watch?v=FStMMcj-RiA
71790,시리즈,스와트,"범죄, Action & Adventure, 드라마",12,8,"로스앤젤레스에서 발생하는 특수임무를 수행하는 특수 기동대, S.W.A.T.은 리더 혼도의 지휘 아래, 팀원들은 꼬리에 꼬리를 무는 사건과 그 뒤에 숨은 거대한 세력에 맞서 도시를 지킨다.","Shemar Moore, Jay Harrington, David Lim",,https://image.tmdb.org/t/p/original/uBxIeTKeYhtdI8TtWYqIrAgFvSt.png,https://image.tmdb.org/t/p/original/1l7vsAIkqOzrqiPwjO27Cb5QdfJ.jpg,https://www.youtube.com/watch?v=HHVae76dbqI
72027,시리즈,레이븐의 집,"가족, 코미디, 드라마",,6,"레이븐과 첼시는 절친한 친구다. 두 사람은 다시 함께 살며 세 아이를 한 지붕 아래서 키운다! 레이븐의 11살 쌍둥이 부커와 니아 그리고 첼시의 9살 아들 리바이는 혼돈 그 자체지만 재밌는 나날을 보낸다. 쌍둥이의 가장 친한 친구인 이웃집 테스도 자주 합류한다. 레이븐은 여전히 미래가 얼핏 보이지만, 가족 중에 그런 능력이 있는 사람은 레이븐만이 아니다. 부커도 같은 능력이 있다. 미래가 항상 선명한 건 아니어도 상황이 어떻든, 그들은 하나의 행복한 대가족으로 모든 것을 함께 헤처나간다.","레이븐 시모네, Issac Ryan Brown, Emmy Liu-Wang","레이븐 시모네, Jed Elinoff, Scott Thomas","https://image.tmdb.org/t/p/original/4P0P7TPcLjptBvJ6oZQZJNXtVFZ.png, https://image.tmdb.org/t/p/original/ft9w40vosJMeD0U09TlR0IsNwuZ.png","https://image.tmdb.org/t/p/original/wYS9Jylo9XqmV51UbbrjiMSQbcO.jpg, https://image.tmdb.org/t/p/original/bPPfqBddogAPayOf4P9gWeDqScs.jpg, https://image.tmdb.org/t/p/original/navKfGYT0kv4CevJ7exFAUIqrh8.jpg, https://image.tmdb.org/t/p/original/6a83ih5Zp9JNxdu5RMdNxVXPDd2.jpg, https://image.tmdb.org/t/p/original/y6sHy8qO3dvf03lwdL45gMqwR9P.jpg",https://www.youtube.com/watch?v=uZrjvwPeKIM
72879,시리즈,Tomorrow Is Ours,"Crime, Drama",,1,"The story revolves around the people of Sète, France. Their lives are punctuated by family rivalries, romance and scenes from daily life, but also by plots involving police investigations, secrets and betrayals.","Ingrid Chauvin, Charlotte Valandrey, Alexandre Brasseur","Fabrice Moindrot, Cyrill Renaud, Christophe Barraud",,,https://www.youtube.com/watch?v=None
75219,시리즈,9-1-1,"드라마, 범죄, Action & Adventure",15,8,"911 접수원으로 일하는 주인공과 응급구조대, 응급실을 배경으로 한 드라마","안젤라 바셋, Peter Krause, 제니퍼 러브 휴잇","Tim Minear, Brad Falchuk, 라이언 머피",https://image.tmdb.org/t/p/original/twD0R1O15sPKDzUoJafwkm7fxCC.png,https://image.tmdb.org/t/p/original/ax6YyNcPsuPbKze9hxdH4dU3e9w.jpg,https://www.youtube.com/watch?v=_8MHJfUMqPA
78191,시리즈,너의 모든 것,드라마,19,5,"지적이고 영리한 서점 직원. 하지만 위험한 내면을 지닌 그가 작가 지망생에게 반한다. 마음이 끌리는 사람에게 다가가기 위해서라면, 무슨 짓이든 할 수 있다. 위험한 매력의 소유자, 집착의 끝을 보여주는 남자. 그의 소름 끼치는 로맨스가 시작된다.","Penn Badgley, Charlotte Ritchie, Tilly Keeper",,https://image.tmdb.org/t/p/original/VeNCc4i7LbRQpwC1mYl5jtBzFM.png,https://image.tmdb.org/t/p/original/7bEYwjUvlJW7GerM8GYmqwl4oS3.jpg,https://www.youtube.com/watch?v=ga1m0wjzscU
79460,시리즈,레가시,"Sci-Fi & Fantasy, 드라마",12,4,오리지널스의 스핀오프 드라마,"Danielle Rose Russell, Aria Shahghasemi, Matthew Davis","Hannah Rosner, Julie Plec, Dort Clark",https://image.tmdb.org/t/p/original/jWzCnGEVWHUnMQ8ZIqs1LRcNjtu.png,https://image.tmdb.org/t/p/original/qTZIgXrBKURBK1KrsT7fe3qwtl9.jpg,https://www.youtube.com/watch?v=xHHM5VTATJo
79593,시리즈,매그넘 P.I.,"Action & Adventure, 드라마, 범죄",12,5,"토마스 매그넘은 종군기자 시절 그와 인연을 맺은 유명 작가 로빈 마스터스의 하와이 저택에 얹혀살고 있다. 그의 집에서 보안 자문을 겸하며, 과거 아프가니스탄에 함께 파병을 갔었던 전우들인 누조, TC, 릭과 함께 사설탐정 일을 하며 하와이 생활을 만끽하는 중이다. 릭은 클럽을 운영하는 하와이의 인맥 부자이고, TC는 헬리콥터 투어를 운영 중이다. 둘은 자신들의 특기를 살려 매그넘의 수사를 돕는다.로빈의 자산관리인이자 전직 영국 정보기관(MI6) 에이전트인 줄리엣 히긴스(페르디타 윅스) 또한 매그넘과 사사건건 티격태격하면서도 그를 돕는다. 이들이 하는 일은 고객들의 의뢰를 받아 처리하는 일종의 해결사다. 매 회마다 다양한 사람들이 이들에게 사건을 의뢰하고, 매그넘은 그때마다 자신의 붉은 페라리를 끌고 출동한다.","Jay Hernandez, Perdita Weeks, Zachary Knighton","Donald P. Bellisario, Glen A. Larson",https://image.tmdb.org/t/p/original/8JSbFyV0AQAlqY62RRPElWXClfc.png,https://image.tmdb.org/t/p/original/srJGLcgZqjo6Ojt62IbGaO8TurC.jpg,https://www.youtube.com/watch?v=qMmv9JFOEB0
79744,시리즈,더 루키,"범죄, 드라마, 코미디",15,6,이혼 후 은행 강도를 당한 일을 계기로 LAPD에 지원한 40세의 최고령 신입을 중심으로 펼쳐지는 이야기,"네이선 필리언, Melissa O'Neil, Eric Winter",Alexi Hawley,https://image.tmdb.org/t/p/original/hozjTfgKUCCG1Mi2CRiB28OHhlc.png,https://image.tmdb.org/t/p/original/wbeqBUFydztHDQ4h7dZqnknh5HE.jpg,https://www.youtube.com/watch?v=_HgC1TN8FVk
80748,시리즈,FBI,"범죄, Action & Adventure, 드라마",15,6,"FBI 뉴욕 지부는 모든 전문성을 활용해 뉴욕과 미국을 안전하게 지킨다. 특수 요원 매기, 파트너 OA, 그들을 감독하는 특수요원 데이나, 분석가 크리스틴까지. 테러, 조직 범죄, 첩보 등 엄청난 규모의 사건들을 끈질기게 파고들어 해결해나가는 일류 요원들의 역대급 수사드라마가 시작된다.","Missy Peregrym, Zeeko Zaki, John Boyd","Dick Wolf, Craig Turk",https://image.tmdb.org/t/p/original/is5odRmvQjZWott40cMnRZDip5s.png,https://image.tmdb.org/t/p/original/tBDxVLHCsiA3fp9D2eWrq8QImEC.jpg,https://www.youtube.com/watch?v=O7oPFgb6VNE
82728,시리즈,블루이,"애니메이션, Kids, 코미디",ALL,3,"현대 가족생활을 바라보는 이 작품의 유쾌하고 솔직한 시선은 아이의 건강에 상상 놀이가 얼마나 도움이 되는지 보여준다. 호주 목양견 블루이는 끝없는 상상력을 지니고 있고 일상을 활기찬 모험으로 바꾸기를 좋아한다. 블루이와 동생 빙고는 놀이를 통해 두려움을 정복하고 어른 역할도 해 보면서 세상을 탐험한다. 자매가 가장 좋아하는 것은 부모님, 특히 아빠와 함께 놀이하는 것이다. 엄마인 칠리는 회사에 복직했고 아빠인 밴디트는 유아와 집안일 사이에서 줄타기한다. 아빠는 모든 걸 자신이 결정한다고 생각하겠지만, 놀이시간이 되면, 실은 그 외 모든 것도, 자매가 결정한다!","Dave McCormack, Melanie Zanetti","Libbie Doherty, Sam Moor, Beth Harvey",https://image.tmdb.org/t/p/original/mSajMzX7C0gHys7T2bCx09Mj3Tc.svg,https://image.tmdb.org/t/p/original/b9mY0X5T20ZM073hoa5n0dgmbfN.jpg,https://www.youtube.com/watch?v=2ZtG5Ba6iT0
85949,시리즈,스타 트렉: 피카드,"Sci-Fi & Fantasy, Action & Adventure, 드라마",15,3,"《스타트렉: 네미시스》 후 20년이 흐른 시점, 장 뤽 피카드 인생에 새로운 챕터가 펼쳐진다.","패트릭 스튜어트, Jeri Ryan, Michelle Hurd","Afton Storton, Alexander Courage, Von Varga",https://image.tmdb.org/t/p/original/kjGx8vKNWFLnqKqZZe2zRrGj4pv.png,https://image.tmdb.org/t/p/original/bONYUEn7iMFCebhDuqNG7hqqwoO.jpg,https://www.youtube.com/watch?v=FySrgrKJguE
86831,시리즈,"러브, 데스 + 로봇","애니메이션, Sci-Fi & Fantasy",19,3,"2019년 3월 Netflix에서 방영을 시작한 애니메이션. 미스터리의 세계, 공포의 괴물, 스릴 넘치는 작전, 그리고 코믹한 연기. 세상의 모든 이야기와 장르를 담았다. 18개의 SF 단편 연작으로 구성된 옴니버스 구조로, 매 에피소드마다 다른 감독을 기용해 다양한 화풍과 분위기를 연출한다. 시리즈 전체적으로 로봇이 인간과 동등한 존재, 혹은 초월적인 존재로 그려지며 자연 앞에서 인간중심의 오만함을 버려야 한다는 생태학적 시각이 로봇, 혹은 인공지능으로까지 확장된다. 관습의 전복, 일상과 단절을 화려한 비주얼을 통해 경험해 보자.",,"Jerome Denjean, James Martin, Victoria L. Howard",https://image.tmdb.org/t/p/original/r5k465OnkuvXThhsH3UiomBp2gk.png,https://image.tmdb.org/t/p/original/asDqvkE66EegtKJJXIRhBJPxscr.jpg,https://www.youtube.com/watch?v=ghJkKclfpjY
87247,시리즈,바쿠간 배틀 플래닛,"애니메이션, Kids",ALL,6,"주인공이 신비의 행성이 지구에 충돌했었던 장소에서 용의 모습을 한 바쿠간을 만나게 되고, 함께 각지에서 일어나는 사건들을 해결해나가는 이야기를 그린 애니메이션","Jonah Wineberg, Margarita Valderrama, Deven Mack",,https://image.tmdb.org/t/p/original/ux0XPCMC0C2IC1C8PUmnRCp6XKm.png,https://image.tmdb.org/t/p/original/go2IfyqSK7YJ403tvugctEQgjxQ.jpg,https://www.youtube.com/watch?v=5_V2YUjgNc0
87917,시리즈,'포 올 맨카인드' - For All Mankind,"드라마, Sci-Fi & Fantasy, War & Politics",15,4,"잠깐 상상해보자. 끝없이 경쟁하며 치열하게 우주 개발을 매진하는 세상. 그 속에서 우리는 어떤 모습으로 살아갈지, NASA 우주 비행사들과 가족의 위태로운 삶을 조명하며 매혹적인 '만약'의 역사 속으로 빠져보자.","조엘 키너먼, Toby Kebbell, Krys Marshall","Seth Edelstein, Jean Webber, Esther Marquis","https://image.tmdb.org/t/p/original/ntlHZPyIG9kRSZrfcZRpaSQYsy7.png, https://image.tmdb.org/t/p/original/aImBgQNDy8oLnLjPkJfJS95U5dW.png, https://image.tmdb.org/t/p/original/5rl4L3eATizJBXALXjEu3ytpeJ3.png, https://image.tmdb.org/t/p/original/2JeXqqOBizYmvw7jovSkUsQ7CEQ.png","https://image.tmdb.org/t/p/original/izrGAVvWoLL5zjNfOpyD2feydx.jpg, https://image.tmdb.org/t/p/original/n8OGV5dGqu3wWgfX8dOvIr0ND2z.jpg, https://image.tmdb.org/t/p/original/lBk6zMb1vI2n9gP48k1QDVsgeNa.jpg, https://image.tmdb.org/t/p/original/em4CIPXYobZ5o3VC3cpzhkc74lS.jpg, https://image.tmdb.org/t/p/original/pE0XFyYeYX7t6n6rAl1AsZdS7jP.jpg",https://www.youtube.com/watch?v=kBcqdqYxZVg
91239,시리즈,브리저튼,드라마,19,3,진실한 애정과 끈끈한 유대로 맺어진 브리저튼 가문의 8남매. 그들이 런던의 상류사회에서 사랑과 행복을 향한 여정을 떠난다.,"조나단 베일리, 시몬 애슐리, 니콜라 커그랜",,https://image.tmdb.org/t/p/original/hCktfeE5wbaakqp8y98Ui5ZAats.svg,https://image.tmdb.org/t/p/original/luoKpgVwi1E5nQsi7W0UuKHu2Rq.jpg,https://www.youtube.com/watch?v=gpv7ayf_tyE
94372,시리즈,FBI: 모스트 원티드,"범죄, 드라마",15,5,"FBI의 스핀오프 드라마로, 지명수배된 범인을 쫓는 FBI의 이야기","Dylan McDermott, Shantel VanSanten, Roxy Sternberg","Dylan McDermott, Anastasia Puglisi, Rikki Gimelstob",https://image.tmdb.org/t/p/original/9ncJhuJI0biRewA533m1qLnBpSA.png,https://image.tmdb.org/t/p/original/fvNyYndy0QCFlAtNzeFgc5XKXnu.jpg,https://www.youtube.com/watch?v=GjJSuHmeeyA
97951,시리즈,메이어 오브 킹스타운,"드라마, 범죄",19,3,"민영 교도소 사업의 번성 후, 범죄와 부정부패로 가득 찬 도시 킹스타운의 부패한 권력 브로커이자  막강한 권력을 가진 '맥클러스키' 패밀리의 이야기.","제레미 레너, Hugh Dillon, Tobi Bamtefa","테일러 쉐리던, Hugh Dillon, David Glasser",https://image.tmdb.org/t/p/original/n5oWx3v6K8z6ZtBsI9D5EhkT93r.svg,https://image.tmdb.org/t/p/original/86OUOPulMiM8rjrQSt4KMev7UAa.jpg,https://www.youtube.com/watch?v=FFrEjkVEZZU
106158,시리즈,로 앤 오더: 조직범죄 전담반,"범죄, 드라마",15,4,로 앤 오더: 성범죄 전담반의 스핀오프,"Christopher Meloni, Danielle Moné Truitt, Ainsley Seiger","John Shiban, Jon Cassar, Amy Berg",https://image.tmdb.org/t/p/original/924a3RaLt4X2PzLvy5AqV3KNi98.png,https://image.tmdb.org/t/p/original/i3iwNb1rlAxtttkGf4jEJzHgSSm.jpg,https://www.youtube.com/watch?v=None
126308,시리즈,쇼군,"드라마, War & Politics",19,1,"1600년 일본. 요시이 토라나가 군주가 섭정 평의회의 공세에 맞서 사활을 건 전투를 벌이던 어느 날, 근처 어촌에 의문의 유럽 선박이 좌초한다.","사나다 히로유키, 코스모 자비스, 안나 사와이","Justin Marks, Michaela Clavell, James Clavell","https://image.tmdb.org/t/p/original/9MgGdz7dTyIZgmV32JdYbpAGfH3.png, https://image.tmdb.org/t/p/original/c3G6Eho6GZ4KOYy6r65YapWiibl.png",https://image.tmdb.org/t/p/original/xpamOr0WSVV3fvipbBPYTKfCjxt.jpg,https://www.youtube.com/watch?v=LX8BOLwDPfU
137228,시리즈,La Casa de los Famosos,Reality,,4,,"Alfredo Adame, Ariadna Gutiérrez, Clovis Nienow",,,,https://www.youtube.com/watch?v=None
138502,시리즈,엑스맨 '97,"애니메이션, Action & Adventure, Sci-Fi & Fantasy",12,1,뮤턴트로 구성된 엑스맨은 놀라운 능력을 이용해 뮤턴트를 멸시하고 두려워하는 인류를 지키려 한다.,,"Charley Feldman, 케빈 파이기, Brad Winderbaum","https://image.tmdb.org/t/p/original/z27nryTYlaCuMFJ4cMGmbaes8Wf.png, https://image.tmdb.org/t/p/original/rJSPhtpSrs9ZxKeu4s4K1vagQEz.png",https://image.tmdb.org/t/p/original/xcR2XtLeQeNyCyXNWXAKpxsTqKT.jpg,https://www.youtube.com/watch?v=7L7fNV296h0
206679,시리즈,Na lovu,"Reality, Family",,5,"Na Lovu is a Czech game-show, based on the license of the popular global format The Chase. A heart-racing quiz show where four competitors must pit their wits and face off against Lovec (the Chaser), a ruthless quiz genius determined to stop them from winning cash prizes.","Dagmar Jandová, Jakub Kvašovský, Václav Slabyhoudek","Michael Čech, Veronika Mikysková, Lenka Rychtecká",,,https://www.youtube.com/watch?v=3qMx-Sdsc_8
210479,시리즈,Survivor Québec,Reality,,2,,Patrice Bélanger,"Yan Bilodeau, Guillaume St-Arnaud, Maria Jimena Maezo",,,https://www.youtube.com/watch?v=None
234512,시리즈,Leading Role,Drama,,2,"At the center of this story is Aurora Guerra, a popular actress who became a star in the teen series ""The Chosen Ones"" at an early age. Irene and Julio, Aurora's parents, signed her up for a casting several years ago and the matriarch, realizing that the decision was between her and another girl, managed to play the casting director in Aurora's favor. Lúcia has the same dream: to be a successful actress and decides to apply for the casting as well, but she soon realizes Irene's scheme and decides to confront her. After a violent argument between the two, Lúcia ends up having an accident that almost took her life and killed her chance of becoming an actress, due to the physical disabilities she was left with. Twenty years later, Lucia is determined to take revenge. The young woman wants to get back what she believes Aurora has taken from her, far from imagining that she is just a victim of Irene's evil deeds.",,,,https://image.tmdb.org/t/p/original/t0ZWTCP451IgzMgHSPDBenpLG1W.jpg,https://www.youtube.com/watch?v=None
240909,시리즈,La Casa de los Famosos Colombia,Reality,,1,,"Carla Giraldo, Cristina Hurtado, Martha Isabel Bolaños",,,,https://www.youtube.com/watch?v=None
