,SERIES_ID,SUB_CATEGORY,TITLE,GENRE,SERIES_RATING,SEASON_NUM,SERIES_OVERVIEW,CAST,CREW,LOGO,POSTER,TRAILER
1,95,시리즈,버피와 뱀파이어,"코미디, 드라마",15,7,전설로만 내려오고 있는 뱀파이어 슬레이어의 숙명을 지니고 살아가는 평범한 여학생이 친구들과 많은 조력자들과 함께 뱀파이어 및 괴물들을 퇴치해나가는 이야기,"사라 미셸 갤러, Nicholas Brendon, 앨리슨 해니건","드류 고다드, Drew Z. Greenberg, Rebecca Rand Kirshner",https://image.tmdb.org/t/p/original/5l2r7nv4dGWq1YQWaqBRe0FkQhi.png,https://image.tmdb.org/t/p/original/41jsOEYsh9lJBc6AZqGpR1ETpx5.jpg,https://www.youtube.com/watch?v=-1v_q6TWAL4
2,121,시리즈,닥터 후,드라마,12,26,'타디스'를 타고 미래와 과거를 넘나들며 외계로부터 지구를 지키기 위해 싸우는 닥터의 시간 여행 이야기,Sylvester McCoy,John Nathan-Turner,https://image.tmdb.org/t/p/original/ravZWAkRX4EMAfGlR9BtMXdvurO.png,https://image.tmdb.org/t/p/original/xinqAmYrZ1TEwowcQhgTkZVtVE0.jpg,https://www.youtube.com/watch?v=_iSzCV3C-50
3,269,시리즈,One Tree Hill,Drama,16,9,"In Tree Hill, North Carolina two half brothers share a last name and nothing else. Brooding, blue-collar Lucas is a talented street-side basketball player, but his skills are appreciated only by his friends at the river court. Popular, affluent Nathan basks in the hero-worship of the town, as the star of his high school team. And both boys are the son of former college ball player Dan Scott whose long ago choice to abandon Lucas and his mother Karen, will haunt him long into his life with wife Deb and their son Nathan.","James Lafferty, Bethany Joy Lenz, Sophia Bush","Joe Davola, Brian Robbins, Mark Schwahn",https://image.tmdb.org/t/p/original/oEcHVvhnD4XHwdbR7Bg2F7y2vZB.png,https://image.tmdb.org/t/p/original/sOrelBaAhp7DZbPTivDwKEyPslC.jpg,https://www.youtube.com/watch?v=GIFbz7uTOKI
4,474,시리즈,Nash Bridges,,,6,Fun-loving San Francisco Police Department investigator Nash Bridges is part of the elite Special Investigations Unit. He tackles crime using his keen sense of humor and charm. Joe Dominguez comes out of retirement to become Bridges' wisecracking yet more rule-abiding partner.,"Don Johnson, Cheech Marin, Jodi Lyn O'Keefe","Daryl Tucker, Carlton Cuse",https://image.tmdb.org/t/p/original/kr0BXyB4mSeQmAqGK0Uwt6KOFdh.png,https://image.tmdb.org/t/p/original/hJeHSCFoxWN2Pt2lg56CKOi9g87.jpg,https://www.youtube.com/watch?v=None
5,496,시리즈,Family Ties,,12,7,"Former 1960s flower children Steven and Elyse Keaton raise their conservative son Alex, daughters Mallory and Jennifer, and later, youngest child Andrew.","Meredith Baxter, Michael Gross, Michael J. Fox","Lloyd Garver, Gary David Goldberg, Gary David Goldberg",https://image.tmdb.org/t/p/original/gq0NEOo3W05vn3tfPL2M4cuu2q7.png,https://image.tmdb.org/t/p/original/3JVBzBToscU4uCyA67piI1RNarz.jpg,https://www.youtube.com/watch?v=None
6,764,시리즈,Midsomer Murders,,12,24,"The peacefulness of the Midsomer community is shattered by violent crimes, suspects are placed under suspicion, and it is up to a veteran DCI and his young sergeant to calmly and diligently eliminate the innocent and ruthlessly pursue the guilty. ","Neil Dudgeon, Nick Hendrix, Fiona Dolman","Kirsten Gair, Caroline Graham, Jim Parker",https://image.tmdb.org/t/p/original/m2Jiqj8b4OjkjBHfp2px8gucB4h.png,https://image.tmdb.org/t/p/original/pz7tsWxe0TTdfJnWPjZAEnrSl5M.jpg,https://www.youtube.com/watch?v=ym8b4UJDqcw
7,873,시리즈,형사 콜롬보,"범죄, 드라마, 미스터리",12,10,"후줄근한 옷차림에 의미 없는 잡담을 늘어 놓다가, 날카로운 질문으로 간담을 서늘하게 만드는 LA 경찰청의 형사 콜롬보. 드라마 도입부에 살인범이 먼저 밝혀지고, 범인의 완벽한 계획 범죄가 콜롬보에 의해 밝혀지며 사건이 해결되는 형식의 형사 추리물",Peter Falk,"Peter Falk, Dean Hargrove, Everett Chambers",https://image.tmdb.org/t/p/original/vzVpuWWpJN3fuUfvj5P80GypNhj.png,https://image.tmdb.org/t/p/original/2JCD8vab3fircOU8cM2HJCxfv4I.jpg,https://www.youtube.com/watch?v=8ZOHmz3bfAI
8,1396,시리즈,브레이킹 배드,"드라마, 범죄",19,5,2008년 1월 AMC에서 방영을 시작한 범죄 스릴러. Breaking Bad는 막가기를 뜻하는 미국 남부 지방의 속어이다. 한때 노벨화학상까지 바라 볼 정도로 뛰어난 과학자였던 고등학교 화학 교사 월터 화이트는 자신의 50세 생일 날에 폐암 3기 진단을 받는다. 어느 날 동서와 함께 마약 단속 현장을 참관한 그는 현장에서 달아나는 옛 제자 제시를 발견한다. 뇌성마비에 걸린 고등학생 아들과 임신한 아내를 위해 제시에게 동업을 제의한 월터는 자신의 화학지식을 이용해 전례없는 고순도 고품질의 메스암페타민을 제조한다.,"브라이언 크랜스턴, 아론 폴, 애나 건","Jennifer Bryan, Moira Walley-Beckett, Thomas Schnauz",https://image.tmdb.org/t/p/original/chw44B2VnLha8iiTdyZcIW0ZELC.png,https://image.tmdb.org/t/p/original/ztkUQFLlC19CCMYHW9o1zWhJRNq.jpg,https://www.youtube.com/watch?v=XZ8daibM3AE
9,1412,시리즈,애로우,"범죄, 드라마",15,8,스탈링 시티의 잘나가는 재벌 2세 올리버 퀸은 아버지와 보트 여행에 나섰다가 태풍을 만나 난파를 당한다. 그는 5년 동안 외딴 섬에 표류되어 생존을 위한 처절한 사투를 벌이고 마침내 고향으로 돌아온다. 아버지의 유언에 따라 스탈링 시티의 엘리트 범죄자들을 사냥하기위해 스스로 자경단원을 자처하는 올리버퀸. 그러나 그의 앞날에는 그의 상상보다 더 큰 진실과 음모가 기다리고 있는데...,"Stephen Amell, David Ramsey, Katie Cassidy","Mark Bunting, Beth Schwartz, Marc Guggenheim",https://image.tmdb.org/t/p/original/jUu02PexmdU5xAeDYsv1huceChE.png,https://image.tmdb.org/t/p/original/gKG5QGz5Ngf8fgWpBsWtlg5L2SF.jpg,https://www.youtube.com/watch?v=qo6hU98dXOc
10,1416,시리즈,그레이 아나토미,드라마,19,20,"시애틀에 있는 병원 의사들의 삶에 대한 이야기. 의사로서의 감정과 개인적인 감정에 대한 묘사가 적절히 조화를 이루어 그려진다. 인턴이지만 결국 레지던트가 되는 메러디스 그레이는 시애틀 병원의 동료 의사들과 함께 사적, 직업적인 열정에 휩쓸리는 자신을 발견한다.","엘렌 폼페오, Chandra Wilson, James Pickens Jr.",숀다 라임스,https://image.tmdb.org/t/p/original/keAZqhg9lmOHEhmG5njqIsuxf0f.png,https://image.tmdb.org/t/p/original/jcEl8SISNfGdlQFwLzeEtsjDvpw.jpg,https://www.youtube.com/watch?v=qbkEtYz9acA
11,1421,시리즈,모던 패밀리,코미디,15,11,에미상을 받은 이 시트콤은 로스앤젤레스에 사는 제이 프리쳇과 각양각색의 가족이 일상에서 수많은 난관을 만나고 해결해 나가는 이야기를 그린다.,"Ed O'Neill, 소피아 베르가라, 줄리 보언","Abraham Higginbotham, Jeffrey Richman, Jeffrey Morton",https://image.tmdb.org/t/p/original/rbKhglYrECjMZNYtT2QyihOQ5F.png,https://image.tmdb.org/t/p/original/klL4yhwiU8aF4AuF5dCfJA9sRnS.jpg,https://www.youtube.com/watch?v=rbpTUPisA78
12,1431,시리즈,CSI: 라스베가스,"범죄, 드라마, 미스터리",15,15,"2000년 10월 CBS에서 방영을 시작한 범죄수사물. 최첨단 장비와 과학적인 분석으로 미궁속의 사건을 해결해 가는 라스베가스 시경 과학수사과 심야근무반. 17년 경력의 베테랑 길 그리섬, 혼자서 키우는 딸과 직장 사이에 균형을 잃지 않으며 항상 최선을 다하는 캐서린 윌로스, 도박의 유혹을 뿌리치지 못하지만 날카로운 분석력을 보유한 워릭 브라운, 하바드 출신의 새라 사이들, 그리고 매력적인 남자 닉 스톡스 등 5명이 한 팀으로 구성된 이들은 사건이 미궁에 빠질 때마다 첨단 기술과 예리한 분석력으로 결정적인 단서와 증거를 확보하여 진범을 가려내기 위해 365일 24시간을 투자한다.","Ted Danson, George Eads, Jorja Fox","Andi Brittan, Anthony E. Zuiker, William Petersen",https://image.tmdb.org/t/p/original/fLhKSEsurxHq3mwEDvCQhnApxkg.png,https://image.tmdb.org/t/p/original/i5hmoRjHNWady4AtAGICTUXknKH.jpg,https://www.youtube.com/watch?v=ApT1EYvrwuk
13,1433,시리즈,아메리칸 대드!,"애니메이션, 코미디",12,20,"랭글리 폴즈라는 도시에서 사는 CIA에서 근무하는 수꼴에 과대망상이 매우 심한 아버지(스탠 스미스)와 전형적인 금발백치 어머니(프랜신 스미스), 반항아에 좌빨인 장녀(헤일리 스미스)에 Nerd 아들(스티브 스미스), 변장을 좋아하는 양성애자자웅동체[1] 외계인(로저), 그리고 동독 스키점퍼의 기억을 가지고 있는 금붕어(클라우스 하이슬러)로 이루어진 스미스 가족과 그 주변인물들을 다루고 있다","세스 맥팔레인, Wendy Schaal, Rachael MacFarlane",Chris McKenna,https://image.tmdb.org/t/p/original/56e9hx9CwagmWwxdOZFqq7cqORS.svg,https://image.tmdb.org/t/p/original/xnFFz3etm1vftF0ns8RMHA8XdqT.jpg,https://www.youtube.com/watch?v=W9Kf1RUHLxE
14,1438,시리즈,더 와이어,"범죄, 드라마",19,5,2002년 6월 HBO에서 방영을 시작한 범죄수사물. 볼티모어에서 일어난 살인 사건의 범인으로 지목된 마약 딜러 에이본 박스데일의 조카 디안젤로. 그가 증인의 진술 번복으로 풀려나자 이를 수상하게 여긴 강력계 형사 맥널티는 특별전담팀을 꾸린다.,"Dominic West, 랜스 레딕, Sonja Sohn","Joe Chappelle, Nina K. Noble, Ed Burns",https://image.tmdb.org/t/p/original/cP5IrOYxU7qtFl3Gyjtj9iPufCn.png,https://image.tmdb.org/t/p/original/4lbclFySvugI51fwsyxBTOm4DqK.jpg,https://www.youtube.com/watch?v=uDcQbk78CSw
15,1532,시리즈,Starsky & Hutch,,12,4,"Streetwise Detective David Starsky partners up with a more intellectual partner, Kenneth 'Hutch' Hutchinson, to protect citizens and patrol the streets of Bay City.","David Soul, Paul Michael Glaser, Antonio Fargas","Aaron Spelling, Leonard Goldberg",,https://image.tmdb.org/t/p/original/aBj5oTi1uibVcXDoCJeKseJNY2d.jpg,https://www.youtube.com/watch?v=8WHQ2UWB2ko
16,1620,시리즈,CSI: 마이애미,"드라마, 미스터리, 범죄",15,10,플로리다 주의 마이애미 데이드 경찰청. 호레이쇼 반장과 CSI 과학 수사 대원들은 논리적인 증거 분석과 본능적인 수사로 마이애미에서 일어나는 위험한 범죄들을 해결해나간다.,"David Caruso, Emily Procter, Omar Benson Miller","Jerry Bruckheimer, Anthony E. Zuiker, Elizabeth Devine",https://image.tmdb.org/t/p/original/gnThzFN5qgTW3vKLl5mVlqRBQ5T.png,https://image.tmdb.org/t/p/original/pNW64pjaHvf6purNaFhq4SHYRfl.jpg,https://www.youtube.com/watch?v=x2n-h9E8_ck
17,1622,시리즈,수퍼내추럴,"드라마, 미스터리",16,15,"어린 시절, 샘과 딘은 정체를 알 수 없는 악마의 힘의 의해 어머니를 잃는다. 그로 인해, 그들의 아버지는 자식들을 헌터로 키우며, 미국 각지에 흩어져 있는 초자연적인 악과 괴물들을 처치하는 법을 가르친다.

이제 두 윈체스터 형제들은 67년형 쉐비 임팔라에 몸을 싣고 미전역을 가로지르며 그들과 마주치는 모든 초자연적인 위협들을 처리해나가기 시작하는데...","Jared Padalecki, Jensen Ackles, Misha Collins","Talli Buchanan, Catherine Michaud, Susan Milne",https://image.tmdb.org/t/p/original/jpop1hHSw0Cwm4J1lUcP6KDMbVf.svg,https://image.tmdb.org/t/p/original/KoYWXbnYuS3b0GyQPkbuexlVK9.jpg,https://www.youtube.com/watch?v=yy96yJjkvjo
18,1667,시리즈,Saturday Night Live,,16,49,"A late-night live television sketch comedy and variety show created by Lorne Michaels. The show's comedy sketches, which parody contemporary culture and politics, are performed by a large and varying cast of repertory and newer cast members. Each episode is hosted by a celebrity guest, who usually delivers an opening monologue and performs in sketches with the cast, and features performances by a musical guest.","Michael Che, Mikey Day, Andrew Dismukes",Lorne Michaels,https://image.tmdb.org/t/p/original/p7y5gW1JqePKQTrpmkiRFnH6fUX.png,https://image.tmdb.org/t/p/original/sHGuKFjIBisPk8cvtCZTDVktYfs.jpg,https://www.youtube.com/watch?v=_Np6fu-0OoY
19,1668,시리즈,프렌즈,코미디,15,10,"1994년 5월 NBC에서 방영을 시작한 시트콤. 미국 뉴욕 시 맨해튼의 그리니치 빌리지의 아파트와 까페 센트럴 퍼크를 중심으로 2-30대의 세 명의 남자와 세 명의 여자의 우정과 사랑, 삶을 그렸다. 부잣집 맏딸이자 응석받이로 자라 온 레이첼은 결혼식을 앞두고 결혼 선물들을 쳐다보던 중 자신이 남편보다 결혼선물을 더 사랑한다는 사실을 깨닫고 회의감을 느끼게 된다. 이를 계기로 불현듯 결혼식에서 도망쳐 나오게 되고, 뉴욕에 아버지의 그늘을 피할 곳을 찾다가 결혼식 전 우연히 만난 고등학교 동창 모니카와 재회하게 된다.","제니퍼 애니스턴, 코트니 콕스, 리사 쿠드로","Robert Carlock, Richard Choi, Mark Kunerth",https://image.tmdb.org/t/p/original/a4qZkvpdqCSS60vppgL5xCBsMwi.svg,https://image.tmdb.org/t/p/original/2koX1xLkpTQM4IZebYvKysFW1Nh.jpg,https://www.youtube.com/watch?v=s2TyVQGoCYo
20,1695,시리즈,몽크 ,"코미디, 범죄, 드라마, 미스터리",15,8,"현대 샌프란시스코를 배경으로 하는 코미디 수사물 미드. 3년 전 자동차 폭발 사건으로 아내를 잃은이후 큰 충격에서 빠져나오지 못한 채, 독특한 강박관념에 사로잡혀 많은 사람들이 모인 군중과 높은 곳, 그리고 어둠을 두려워하는 증세를 보이는 전직 경찰 에이드리언 몽크가 샌프란시스코 경찰을 도와 복잡한 사건들을 해결한다.","토니 샬호브, 테드 러바인, Jason Gray-Stanford","Josh Siegal, 토니 샬호브, Shana Stein",https://image.tmdb.org/t/p/original/pIOqR6IchhSOmaIZIyDGW9QB982.svg,https://image.tmdb.org/t/p/original/3axGMbUecXXOPSeG47v2i9wK5y5.jpg,https://www.youtube.com/watch?v=mftbaaU82Uc
21,1706,시리즈,프리텐더 제로드,"드라마, 미스터리",,4,어떤 기술이든 즉시 습득할 수 있는 특별한 재능을 가진 한 남자가 비밀 실험 시설에서 탈출하여 납치범들로부터 숨어 전국을 돌아다니며 다양한 일을 하고 낯선 사람들을 돕습니다.,"Michael T. Weiss, Andrea Parker, Patrick Bauchau","Juan Carlos Coto, Craig W. Van Sickle, Steven Long Mitchell",,https://image.tmdb.org/t/p/original/76q5tPOPQkQYIuZu2SG6viZcp2b.jpg,https://www.youtube.com/watch?v=70qpAt9fAiM
22,1778,시리즈,Zoey 101,Comedy,6,4,"Zoey 101 is an American television series which originally aired on Nickelodeon from January 9, 2005 until May 2, 2008. It focuses on the lives of teenager Zoey Brooks and her friends as they attend Pacific Coast Academy, a fictional boarding school in Southern California. It was created by Dan Schneider. It was initially filmed at Pepperdine University in Malibu, California, then at stages in Valencia, California beginning in season 3. It was nominated for an ""Outstanding Children's Program"" Emmy in 2005. Zoey 101 was the most expensive production ever for Nickelodeon series, as it was shot completely on location in Malibu. It was also Nickelodeon's best performance for a series premiere in almost eight years. Despite this, many critics have made negative comments about the show, its setting, and its characters.","Jamie Lynn Spears, Paul Butcher, Victoria Justice","Bill O'Dowd, Bryan Spears, Chris Robinson",https://image.tmdb.org/t/p/original/x8GvXInGjxOgGQZ3eryFm4ADtZW.png,https://image.tmdb.org/t/p/original/A3O2B4cHEyMpvknrdG4bcV4eaYh.jpg,https://www.youtube.com/watch?v=RX6YeYT3ed8
23,1855,시리즈,스타 트렉: 보이저,드라마,12,7,"USS 보이저호가 무장 테러그룹 마퀴스에게 탈취된 우주선을 회수하는 임무 중에 생긴 알 수 없는 사고로 70,000광년 떨어진, 행성 연방의 최강의 적 '보그'가 살고 있는 델타 사분면으로 떨어지면서 귀환하는 과정을 그리고 있다. 시리즈 최초에는 약 75년이 걸릴 것으로 예상했으나 중간중간 여러 방법으로 이 기간을 23년까지 단축했고, 시즌 7 마지막 에피소드에서 시간 여행을 사용한 방법으로 남은 공간을 한 번에 넘어 귀환하게 된다.

최초 델타 사분면으로 떨어지게 된 사고로 인해 보이저호와 마퀴스쪽의 우주선 모두 상당한 피해를 보게 되어 다시 알파 사분면으로 돌아갈 수 있게 될 때까지 협력하기로 합의, 보이저호에서 말 그대로 ""한 배를 타게 되는"" 특이한 설정에다, 보그 종족 출신의 세븐 오브 나인을 비롯한 델타 사분면의 여러 원주민까지 선원으로 받아들이게 되어 스타 트랙 시리즈 중 가장 다양한 인종이 선원으로 등장하는 시리즈이며, 스타 트렉 TV 시리즈 중 유일하게 여성 함장을 등장시킨 시리즈이기도 하다.

아울러, 보이저는 함선 묘사에 실물 모델을 사용하지 않고 100% CG만으로 처리하게 된 최초의 스타 트렉 시리즈이다. 시리즈 초반에는 여전히 실물로 제작된 모델을 사용해 촬영했으나 시즌 3부터는 100% CG만으로 표현하게 된다.","Kate Mulgrew, Jeri Ryan, Robert Picardo","Jeri Taylor, Michael Piller, Jerry Goldsmith",https://image.tmdb.org/t/p/original/kGKcKyX4Wf4XGVqp2dTGn0E4Luc.png,https://image.tmdb.org/t/p/original/gNS5tRSG3UlXodCxznKKOKweqxh.jpg,https://www.youtube.com/watch?v=b1PX9E2RsgU
24,1911,시리즈,본즈,"범죄, 드라마",15,12,"워싱턴 D.C.의 제퍼소니안 재단의 연구소 소속 법인류학자인 템퍼런스 브레넌 박사와 FBI 워싱턴 지국 요원인 실리 부스, 그리고 브레넌 박사의 팀이 뼈만 남다시피한 시신을 조사해 해결하는 내용으로 실제 법인류학자인 '캐시 라익스'의 소설을 각색해 제작되었으며 국내에도 '본즈'라는 제목으로 원작 소설 시리즈가 발매되었다.","Emily Deschanel, David Boreanaz, John Boyd",,https://image.tmdb.org/t/p/original/xSguBiLk5wgeDqkye3MgIoQ5gCH.svg,https://image.tmdb.org/t/p/original/eyTu5c8LniVciRZIOSHTvvkkgJa.jpg,https://www.youtube.com/watch?v=idiNjlYU7Cs
25,1950,시리즈,에버우드,"드라마, 가족",12,4,아내의 갑작스러운 죽음으로 뉴욕에서 전문의로서 명성을 누리던 주인공이 자신의 아이들에게 진정한 아버지가 되고자 시골 소도시 에버우드로 이사를 오게 되면서 벌어지는 마을의 사건들과 주민들의 융화와 갈등을 조명하는 드라마,"Treat Williams, Gregory Smith, Emily VanCamp","Greg Berlanti, Oliver Goldstick, Michael Green",,https://image.tmdb.org/t/p/original/4zmuA2Ql1QdUtw9OM6MdmtXnZEF.jpg,https://www.youtube.com/watch?v=None
26,1981,시리즈,Charmed,,12,8,"Three sisters (Prue, Piper and Phoebe) reunite and unlock their powers to become the Charmed Ones, the most powerful good witches of all time, whose prophesied destiny is to protect innocent lives from evil beings such as demons and warlocks. Each sister possesses unique magical powers that grow and evolve, while they attempt to maintain normal lives in modern day San Francisco. ","Holly Marie Combs, Alyssa Milano, Brian Krause","Holly Marie Combs, Alyssa Milano, James L. Conway",https://image.tmdb.org/t/p/original/dd7ULvZWBk0EL7PrnfoeE7cpSC7.png,https://image.tmdb.org/t/p/original/z4bPJ1BWU2EtV69NII2GVvsugQ2.jpg,https://www.youtube.com/watch?v=None
27,2261,시리즈,The Tonight Show Starring Johnny Carson,Talk,,31,"The Tonight Show Starring Johnny Carson is a talk show hosted by Johnny Carson under The Tonight Show franchise from 1962 to 1992. It originally aired during late-night. For its first ten years, Carson's Tonight Show was based in New York City with occasional trips to Burbank, California; in May 1972, the show moved permanently to Burbank, California. In 2002, The Tonight Show Starring Johnny Carson was ranked #12 on TV Guide's 50 Greatest TV Shows of All Time.",Johnny Carson,,https://image.tmdb.org/t/p/original/zxV8CIFEP5H1HbJaJ0tYyckmrBM.png,,https://www.youtube.com/watch?v=zyl4Vvjc7pI
28,2316,시리즈,오피스,코미디,15,9,팬실베니아 스크랜튼에 위치한 사무용지 판매회사 던더 미플린의 스크랜턴 지점. 무미건조한 사무실에서 깐깐한 지점장과 독특한 캐릭터의 부하들이 벌이는 코믹 해프닝과 가슴 찡한 이야기가 펼쳐진다. BBC에서 방영된 동명 영국 시리즈의 할리우드 리메이크.,"Rainn Wilson, 존 크래신스키, 제나 피셔","Steve Burgess, Paul Lieberstein, Howard Klein",https://image.tmdb.org/t/p/original/zWozteGoJM0NhHj5lhXSqhu6rUA.png,https://image.tmdb.org/t/p/original/7DJKHzAi83BmQrWLrYYOqcoKfhR.jpg,https://www.youtube.com/watch?v=96ix3P9WaRc
29,2691,시리즈,두 남자와 1/2,코미디,15,12,"자유로운 영혼이었던 찰리가 떠나간 이후, 앨런과 그의 아들 제이크에게 찾아온 앨런의 친구 월든이 다시금 새로운 가족으로 생활하게 되면서 벌어지는 코믹한 일상을 담은 시트콤","애쉬튼 커쳐, Jon Cryer, Conchata Ferrell","Jim Patterson, Tim Kelleher, Joe Bella",https://image.tmdb.org/t/p/original/ivAjR58o2LaAHDThE923k7VOV37.png,https://image.tmdb.org/t/p/original/xgfjxyV3g1S68opzuvG6G87muDp.jpg,https://www.youtube.com/watch?v=h1YadOPGL-0
30,2710,시리즈,필라델피아는 언제나 맑음,코미디,18,16,"가난하고 찌질한... 심지어 어딘가 부족해보이는 삼총사가 아이리쉬 펍을 운영하면서 벌어지는 에피소드들을 중심으로 이야기가 전개된다. 극 중에서 디안드라 (통칭 디)는 데니스의 여동생으로, 프랭크는 두 남매의 아버지이며, 삼총사와 함께 총 다섯 명의 인물이 아이리쉬 펍을 운영한다.","Charlie Day, Glenn Howerton, Rob McElhenney","Michael Rotenberg, Charlie Day, Glenn Howerton",https://image.tmdb.org/t/p/original/hCgjpW4eGVVubNevHzWeoispD4L.png,https://image.tmdb.org/t/p/original/pRWO6ufqSNkWvPXDDQhBwPNSv4K.jpg,https://www.youtube.com/watch?v=blLAdGYPhiQ
31,2734,시리즈,로 앤 오더: 성범죄 전담반,"범죄, 드라마, 미스터리",15,25,추악한 성범죄를 수사하는 뉴욕 경찰 성범죄전담수사반의 활약을 그린 드라마.,"마리슈카 하기테이, Ice-T, Peter Scanavino",Dick Wolf,https://image.tmdb.org/t/p/original/AhtQAQVcqWl6b0UZSo9vmHE3skK.png,https://image.tmdb.org/t/p/original/onmSVwYsPMYtO8OjLdjS8FfRNKb.jpg,https://www.youtube.com/watch?v=IRXNVdiqMuU
32,2942,시리즈,튜더스,"드라마, 로맨스",12,4,"2007년 5월 CBC와 TV3에서 방영을 시작한 역사물. 튜더 왕조의 헨리 7세의 둘째 아들 헨리 8세는 요절한 형을 대신하여 왕위에 오르고 형의 부인인 캐서린과 결혼한다. 이탈리아에 잉글랜드의 대사로 파견된 헨리 8세의 숙부 코트니 경이 프랑스인들에게 처참하게 살해당하자 그는 분노하여 프랑스와 전쟁을 하겠다고 선포한다. 그는 왕비가 아닌 다른 여자들과 어울리고, 헨리 왕의 아이를 가진 블런트 부인은 아들을 낳는다. 한편 불린은 딸 메리가 더 이상 왕의 침실로 불려가지 않자, 동생인 앤을 불러 헨리 왕을 사로잡을 방법을 강구하라고 하고, 헨리8세는 앤의 매력에 빠져든다.","Jonathan Rhys Meyers, 헨리 카빌, Sarah Bolger","Trevor Morris, James Flynn, Yuri Gorbachow",https://image.tmdb.org/t/p/original/iSWESqVSpZPcwJhRI6czfGHjwqR.png,https://image.tmdb.org/t/p/original/qabVShr1OK7CuYb3E88nVCTBBJn.jpg,https://www.youtube.com/watch?v=qTiL8pgNqhs
33,3172,시리즈,프라이빗 프랙티스,드라마,12,6,"스핀오프 시리즈. 시애틀의 그레이스 병원을 떠나, LA의 작은 병원 씨사이드 웰니스(Seaside Wellness)로 근무지를 옮긴 애디슨 몽고메리 박사와 그 동료들의 이야기.","케이트 월시, Paul Adelstein, KaDee Strickland","Mark Gordon, Mark Tinker, Chris Van Dusen",https://image.tmdb.org/t/p/original/s7sVPIHXsWPEaHR17ag3MXp0bQR.png,https://image.tmdb.org/t/p/original/pW20ANAGdrgreYJExduUVaWos6H.jpg,https://www.youtube.com/watch?v=None
34,3750,시리즈,닙턱,드라마,16,7,"크리스찬 트로이와 션 맥나마라는 성격과 라이프스타일은 완전히 다르지만 절친한 친구. 둘 다 성형외과 의사지만, 성격과 라이프 스타일은 완전히 다른 두 친구의 이야기가 그려진다.","Dylan Walsh, Julian McMahon, 조엘리 리처드슨","Lynnie Greene, Michael M. Robin, Jennifer Salt",https://image.tmdb.org/t/p/original/kkmindhb8tJLA8Z1tM4ttUF53tO.png,https://image.tmdb.org/t/p/original/b8wq87RBCman73pxQzWWK93Eicu.jpg,https://www.youtube.com/watch?v=v6JdfGMQK98
35,3769,시리즈,Dynasty,,12,9,"The saga of a wealthy Denver family in the oil business: Blake Carrington, the patriarch; Krystle, his former secretary and wife; his children: Adam, lost in childhood after a kidnapping; Fallon, pampered and spoiled; Steven, openly gay; and Amanda, hidden from him by his ex-wife, the conniving Alexis. Most of the show features the conflict between 2 large corporations, Blake's Denver Carrington and Alexis' ColbyCo.","John Forsythe, Linda Evans, Joan Collins","Elaine Rich, Douglas S. Cramer, Ed Ledding",https://image.tmdb.org/t/p/original/wFLfnNQjGnO0Dvg7f07mnTZ9Y5K.png,https://image.tmdb.org/t/p/original/bKBTf22IDwD39GbpQ6clYQ2WCtA.jpg,https://www.youtube.com/watch?v=oftDrdDBTkw
36,4313,시리즈,풀 하우스,"코미디, 가족",0,8,1987년부터 1995년 사이 미국에서 많은 사랑을 받았던 시트콤,"John Stamos, Bob Saget, Dave Coulier","Tom Amundsen, Tom Burkhard, James O'Keefe",https://image.tmdb.org/t/p/original/uMFvvQYCYaDD4j6GMiobUj0y4Ws.png,https://image.tmdb.org/t/p/original/7g0EyKsIaYjYw3gCIBKMHHE0Kcu.jpg,https://www.youtube.com/watch?v=SDP7__2F1YE
37,4349,시리즈,Melrose Place,,16,7,"Follow the lives of a group of young adults living in a brownstone apartment complex on Melrose Place, in Los Angeles, California.","Thomas Calabro, Heather Locklear, Josie Bissett","Charles Pratt, Jr., Aaron Spelling, Carol Mendelsohn",https://image.tmdb.org/t/p/original/zYHVxWvhYORA90tbH035tro2337.png,https://image.tmdb.org/t/p/original/kIc03DwT3DPd48lKlbpyPxx3O1S.jpg,https://www.youtube.com/watch?v=NVPKdTenbAY
38,4357,시리즈,Mission: Impossible,,12,7,"Mission: Impossible is an American television series that was created and initially produced by Bruce Geller. It chronicles the missions of a team of secret government agents known as the Impossible Missions Force. In the first season, the team is led by Dan Briggs, played by Steven Hill; Jim Phelps, played by Peter Graves, takes charge for the remaining seasons. A hallmark of the series shows Briggs or Phelps receiving his instructions on a recording that then self-destructs, followed by the theme music composed by Lalo Schifrin.

The series aired on the CBS network from September 1966 to March 1973, then returned to television for two seasons on ABC, from 1988 to 1990, retaining only Graves in the cast. It later inspired a popular series of theatrical motion pictures starring Tom Cruise, beginning in 1996.","Peter Graves, Greg Morris, Peter Lupus","Robert H. Justman, William Woodfield, Bruce Geller",https://image.tmdb.org/t/p/original/5dTv8RjhPOln3Y5hANqdfxm7B59.png,https://image.tmdb.org/t/p/original/bAnCcwe70IXHRwUgsRJT4ZlQ47o.jpg,https://www.youtube.com/watch?v=None
39,4376,시리즈,JAG,,16,10,"Harmon ""Harm"" Rabb Jr. is a former pilot turned lawyer working for the military's JAG (Judge Advocate General) division, the elite legal wing of officers that prosecutes and defends those accused of military-related crimes. He works closely with Lt. Col. Sarah Mackenzie, and together they do what needs to be done to find the truth.","David James Elliott, Catherine Bell, Patrick Labyorteaux","Donald P. Bellisario, Michael Zinberg, Charles Holland",https://image.tmdb.org/t/p/original/ac4uUoKUD0kTxXHm04dp7u10ksc.png,https://image.tmdb.org/t/p/original/zPyHpkJZ5O08lbgrQQIROXtb3xz.jpg,https://www.youtube.com/watch?v=None
40,4419,시리즈,Real Time with Bill Maher,,18,22,"Each week Bill Maher surrounds himself with a panel of guests which include politicians, actors, comedians, musicians and the like to discuss what's going on in the world.",Bill Maher,"Alessio Pollacci, Kelly D. Hommon, Keith Truesdell",,https://image.tmdb.org/t/p/original/pbpoLLp4kvnYVfnEGiEhagpJuVZ.jpg,https://www.youtube.com/watch?v=None
41,4482,시리즈,Bewitched,,6,8,"Samantha Stephens is a seemingly normal suburban housewife who also happens to be a genuine witch, with all the requisite magical powers. Her husband Darrin insists that Samantha keep her witchcraft under wraps, but situations invariably require her to indulge her powers while keeping her bothersome mother Endora at bay.","Elizabeth Montgomery, Dick Sargent, Agnes Moorehead","Harry Ackerman, William Asher, Danny Arnold",https://image.tmdb.org/t/p/original/1RksPe8I9h1Ts24gybDsy2L36Ce.png,https://image.tmdb.org/t/p/original/7UZVO1SclbgVWM2ELrwWGaS7i94.jpg,https://www.youtube.com/watch?v=0oT208N0Xd4
42,4556,시리즈,Scrubs,Comedy,12,9,"In the unreal world of Sacred Heart Hospital, John ""J.D."" Dorian learns the ways of medicine, friendship and life.","Zach Braff, Donald Faison, John C. McGinley","Zach Braff, Corey Nickerson, Kevin Etten",https://image.tmdb.org/t/p/original/6lCg07nxaLGpEap849catTySkvi.png,https://image.tmdb.org/t/p/original/u1z05trCA7AuSuDhi365grwdos1.jpg,https://www.youtube.com/watch?v=zOgb3KIJDY8
43,4586,시리즈,길모어 걸스,"코미디, 드라마",12,7,독립심이 강한 싱글맘 로렐라이는 아이비리그 진학은 문제없을 정도로 명석한 두뇌를 가진 딸 로리를 키운다. 이 모녀 사이에는 항상 재치 넘치는 대화가 끊이지 않는다.,"Lauren Graham, 알렉시스 블레델, Scott Patterson","Gavin Polone, John Stephens, Chris Long",https://image.tmdb.org/t/p/original/knLz8N6ADgqfRyfgFTFJIEYG3jM.png,https://image.tmdb.org/t/p/original/8hWwBpB1mLUKqzjdGrcvJcIklp4.jpg,https://www.youtube.com/watch?v=Ac47mma8XRA
44,4601,시리즈,Law & Order: Criminal Intent,Drama,16,10,The third installment of the “Law & Order” franchise takes viewers deep into the minds of its criminals while following the intense psychological approaches the Major Case Squad uses to solve its crimes.,"Vincent D'Onofrio, Kathryn Erbe, Julia Ormond","Dick Wolf, Warren Leight, Walon Green",https://image.tmdb.org/t/p/original/zzNoDbK0vvAOdZIzUiwKUjbwyyO.png,https://image.tmdb.org/t/p/original/68MUdrxeokhmd8pvlAjkD6yIfHR.jpg,https://www.youtube.com/watch?v=75IXY062Iqw
45,4604,시리즈,스몰빌,드라마,15,10,우리에게 슈퍼맨으로 친숙한 클라크 켄트의 유년기를 새로이 재조명한 워너 브라더스사의 SF시리즈물 드라마,"Tom Welling, Erica Durance, Cassidy Freeman","Alfredo Septien, Tom Welling, Anne Cofell Saunders",https://image.tmdb.org/t/p/original/ePZAsSSkT2G0j1F1U13ZE675N6I.png,https://image.tmdb.org/t/p/original/pUhJGETy2sec4vEkiqJ9eGeIywc.jpg,https://www.youtube.com/watch?v=70Y32si4yb8
46,4607,시리즈,로스트,"미스터리, 드라마",15,6,"2004년 9월 ABC에서 방영을 시작한 미스테리 스릴러. 남태평양의 한 섬에?오세아닉 815?항공기가 불시착하지만 동체 부분과 후미 부분이 부서지며 공중분해되면서 이름모를 섬에 떨어진다. 의사, 이송 중이던 죄수, 전직 이라크군, 로큰롤 가수 등 다양한 직업을 가진 그들은 구조되어 살아남기 위해 여러 방법을 동원한다. 하지만 구조대는 오지 않고, 밤이 되자 정글 안에서는 무시무시한 소리가 들려온다. 서서히 다가오는, 그러나 보이지 않는 정체 불명의 괴물과 괴이현상들. 고립된 생존자들은 점점 두려움에 빠져들고 극한의 상황으로 내몰리게 된다.","Matthew Fox, 에반젤린 릴리, Terry O'Quinn","Jean Higgins, Edward Kitsis, Sarah Caplan",https://image.tmdb.org/t/p/original/c0I4d9KiVROp0Rx4HJ1nfbk2v2X.png,https://image.tmdb.org/t/p/original/og6S0aTZU6YUJAbqxeKjCa3kY1E.jpg,https://www.youtube.com/watch?v=KTu8iDynwNc
47,4620,시리즈,유레카,"코미디, 드라마",12,5,"미국의 Syfy 채널에서 2006년부터 2012년까지 방영한 SF 드라마이다. 유레카라고 불리는 이 마을은 2차 세계대전이 끝난후에 알베르트 아인슈타인이 해리 S. 트루먼 대통령에게 과학자들의 천국을 만들자고 건의해서 만들어진 마을이며, 현재는 펜타곤이 이 마을을 담당[3]하고 있다. 철통같은 보안으로 51구역이 부러워 한다고 한다...","Colin Ferguson, Salli Richardson-Whitfield, 조 모턴","Rick Maguire, Bear McCreary",https://image.tmdb.org/t/p/original/hzfIri2vgVJJhJd7vWnZlUwS9oi.png,https://image.tmdb.org/t/p/original/f2l5hUk63hPqYTucnFy2HmElFV0.jpg,https://www.youtube.com/watch?v=WiPWghJQS3o
48,4629,시리즈,스타게이트 SG-1,미스터리,12,10,"미국 시간으로 1997년 7월 27일에 첫 방송 되었으며 자그마치 10년에 걸친 드라마이다. 스타게이트 프랜차이즈는 미국드라마 사상 군사 SF류로써는 스타 트렉에 이은 2번째로 긴 시즌+에피소드를 자랑한다. 스타게이트 프로젝트 최초의 결성팀인 SG-1팀의 활약이 주 이야기이며, SG-1은 스타게이트 시리즈 중에서도 단일 드라마로는 미국 기준으로는 스몰빌과 함께 10시즌으로 최장 방영 SF드라마이다.[1] 다만 별 의미는 없지만, 에피소드 수는 스몰빌이 더 많다.

현직 공군 참모총장 두명이 카메오로 출연하고 주연 배우인 리처드 딘 앤더슨[2]이 시리즈 종료 후 공군 명예 준장을 수여받을 정도로 미 공군과의 관계가 각별하다. 공군은 우주군의 역할도 겸하기에[3] 홍보차원에서 SF시리즈에 대대적인 지원을 해 준 것으로 보이지만 사실 10년에 걸친 시리즈 대부분에 지구측 우주선이 거의 등장하지 않는다(...)[4] 애초에 주된 스토리 라인중 하나가 바로 지구측이 우주 함대로 무장하기 위해서 기술을 확보하는 것이 주요 목표중 하나라서 지구측 우주선이 잔뜩 나오면 시리즈가 끝난다(...) 그리고 진짜 끝났다. 덕분에 대부분의 액션은 공군과는 크게 관련없는 잠입/침투나 지상작전(...) 또한 주력으로 등장하는 총기가 공항 등 후방 방어용으로 설계된 P90만 죽어라고 등장하는 이유도 공군탓도 있을듯.현실은 민간으로 구하기 쉬운것 중에서 가장 미래형 디자인으로 생겼기에(...)[5]

아포피스의 첫 지구 침투 사건을 계기로 잭 오닐은 스타게이트 보관 기지의 책임자 조지 해먼드 장군에게 불려온다. 그는 스타게이트 사령부[6]에 합류하게 되며, 최초의 팀이자 최고의 팀인 SG-1을 맡게 된다. 이 SG-1팀을 중심으로 전개된다.","Ben Browder, Amanda Tapping, Christopher Judge","Dean Devlin, Robert C. Cooper, Paul Mullie",https://image.tmdb.org/t/p/original/AllIGHcRvZX6tEobLIngEl1QaN9.png,https://image.tmdb.org/t/p/original/dQjmI7XxI47v8IM2MUysHG0LuU2.jpg,https://www.youtube.com/watch?v=wSRS7c_UqaM
49,4660,시리즈,Adam-12,,12,7,"Adam-12 is a television police drama that followed two police officers of the Los Angeles Police Department, Pete Malloy and Jim Reed, as they patrolled the streets of Los Angeles in their patrol unit, 1-Adam-12.","Martin Milner, Kent McCord, William Boyett",Jack Webb,https://image.tmdb.org/t/p/original/lBlwuCkIYAkts9bFM3IU5eKFQaz.png,https://image.tmdb.org/t/p/original/9hY1H8A6sPghNNHPQJYMgJYpemZ.jpg,https://www.youtube.com/watch?v=None
50,8514,시리즈,루폴의 드래그 레이스,Reality,19,16,독보적인 무대 장악력을 뽐내는 퀸들이 무한 경쟁에 나섰다. 이들의 목표는 10만 달러 상금과 '미국의 차세대 드래그 슈퍼스타'라는 명예. 드래그 퀸의 대모 격인 루폴이 이들의 화려한 무대를 이끈다. 에미상 수상에 빛나는 리얼리티 쇼.,"RuPaul, Michelle Visage, Carson Kressley","Tori Himes, Casey Allan, West Buchanan",https://image.tmdb.org/t/p/original/y2wUAB4og8Pi6ocOag3LSkKqVHz.png,https://image.tmdb.org/t/p/original/6LThfVcGWSLswQaQh2vvk1Q2IoH.jpg,https://www.youtube.com/watch?v=None
51,10545,시리즈,트루 블러드,"드라마, 미스터리",19,7,"샬레인 해리스의 베스트셀러 소설을 바탕으로 한다. 루이지애나의 한 바에서 웨이트리스 일하는 수키. 조용하고 총명하며 아름다운 그녀에게는 다른 사람의 마음을 읽을 수 있는 능력이 있다. 그러던 어느 날, 매력적인 뱀파이어 빌이 나타나는데, 그녀는 그의 마음을 읽어낼 수가 없다. 그러면서 수키는 빌에게 빠져들기 시작한다. 하지만 뱀파이어들은 살인을 저질렀다는 의심을 받고 자꾸 무서운 일들이 일어나는데..","안나 패퀸, Stephen Moyer, 알렉산더 스카스가드","Alexander Woo, Alan Ball, Brian Buckner",https://image.tmdb.org/t/p/original/mETkvJgly1edlc6gOyqwrXYrppi.png,https://image.tmdb.org/t/p/original/ktEp6fzL4xzCWsSVtrcH8JaQNQy.jpg,https://www.youtube.com/watch?v=3Wk3HSiX-vQ
52,14814,시리즈,4차원 가족 카다시안 따라잡기,Reality,19,20,"킴, 코트니, 클로이 카다시안 자매와 이들의 어머니 크리스. '유명한 것으로 유명한' 가족이자 늘 화제와 논란을 몰고 다니는 카다시안 패밀리의 24시간을 따라간다. 이 핫한 셀럽 가족에게 지금의 명성을 가져다준 리얼리티 시리즈.","크리스 제너, 코트니 카다시안, 킴 카다시안","Ryan Seacrest, Gil Goldschein, Jeff Jenkins",https://image.tmdb.org/t/p/original/ug6Fw8GRAbDJ5gAQChbVCqyQABZ.svg,https://image.tmdb.org/t/p/original/nddXOC8wYpIDv7giLzjjqIg8WDA.jpg,https://www.youtube.com/watch?v=None
53,14929,시리즈,하트랜드,"가족, 드라마, 코미디",12,17,야무진 소녀 에이미는 어머니의 갑작스럽게 죽은 충격에서 헤어나지 못 한다. 한편 에이미와 그녀의 할아버지는 목장을 잃을 수 있는 위기에 봉착한다.,"Amber Marshall, Graham Wardle, Shaun Johnston",,https://image.tmdb.org/t/p/original/1bVQuM21SMsCAIkSe61HvBdKlfi.png,https://image.tmdb.org/t/p/original/uc2gtWczT58BiAUJWFz9P5aZmNF.jpg,https://www.youtube.com/watch?v=gnLKnXN6VQc
54,17610,시리즈,NCIS: 로스앤젤레스,"드라마, 범죄, 미스터리",15,14,LA 지역에서 활동하는 NCIS 특수작전부 소속 위장잡입수사 전문요원들의 활약을 그린다. NCIS의 첫번째 스핀오프 시리즈.,"Chris O'Donnell, Daniela Ruah, Eric Christian Olsen",Shane Brennan,https://image.tmdb.org/t/p/original/4WlxwU0nXG1W0hJqT58w2AWHPQM.png,https://image.tmdb.org/t/p/original/TIIgcznwNfNr3KOZvxn26eKV99.jpg,https://www.youtube.com/watch?v=Or5YChRcVAM
55,21762,시리즈,Parenthood,Drama,,6,"The trials and tribulations of the very large, colorful and imperfect Braverman family.","Peter Krause, Monica Potter, Lauren Graham",Debra James,https://image.tmdb.org/t/p/original/sugCFBeGOxmIXp0bC0iPMrM7pBW.png,https://image.tmdb.org/t/p/original/9KjKLJrrUI1sU9bNsQaQ5H8kTyY.jpg,https://www.youtube.com/watch?v=o_cblVvo5bg
56,22980,시리즈,Watch What Happens Live with Andy Cohen,,,21,Bravo network executive Andy Cohen discusses pop culture topics with celebrities and reality show personalities.,Andy Cohen,,https://image.tmdb.org/t/p/original/oYB3zGjXNrmmznTUAxORfReWzhw.png,https://image.tmdb.org/t/p/original/onSD9UXfJwrMXWhq7UY7hGF2S1h.jpg,https://www.youtube.com/watch?v=None
57,30984,시리즈,블리치,애니메이션,15,2,"'쿠로사키 이치고'는 유령을 볼 수 있는 15세의 남자다. 특수한 체질을 가지고도 평범한 생활을 하던 이치고에게 갑자기 스스로를 사신이라고 소개하는 소녀 '쿠치키 루키아'가 나타난다. 유아울러 산 사람, 죽은 사람 안 가리고 공격해서 영혼을 먹어치우는 나쁜 혼령 '호로'도 모습을 드러낸다. 그런데 호로로 인해 이치고의 가족이 쓰러져가는데...","Masakazu Morita, 折笠富美子, 安元洋貴","Haruo Miyagawa, Satomi Okuhara, Yoshihiko Tominaga",https://image.tmdb.org/t/p/original/21zm3sP3j6rmpbZR3j0quusRe6h.png,https://image.tmdb.org/t/p/original/2EewmxXe72ogD0EaWM8gqa0ccIw.jpg,https://www.youtube.com/watch?v=T6wo7bfYYu4
58,31248,시리즈,It's Showtime,,,4,A Philippine noontime musical and party variety show. What began as a search for the country’s most entertaining acts evolves into a hit variety program thriving on spontaneity and animated conversations while drawing talents from all walks of life.,"Vice Ganda, Anne Curtis, Vhong Navarro",,,https://image.tmdb.org/t/p/original/nKxXaAIO2ljugKhKFYQ8LmIJ1x7.jpg,https://www.youtube.com/watch?v=None
59,31911,시리즈,강철의 연금술사 BROTHERHOOD,"애니메이션, 코미디, 드라마",15,1,죽은 어머니를 살리기 위해 시도한 금단의 연금술로 인해 신체의 일부와 전부를 빼앗긴 에드워드와 알폰스 형제. 동생 알폰스의 신체를 되찾기 위해 현자의 돌을 찾아나선다. 강철의 연금술사 오리지널판 이후 제작되어 원작 만화를 더욱 충실히 반영한 리메이크 버전이다.,"박로미, 쿠기미야 리에, 미키 신이치로","Akira Senju, 入江泰浩, 金平和茂",https://image.tmdb.org/t/p/original/gMIqyAOrFP1E6lQ9S093KcNgoHK.png,https://image.tmdb.org/t/p/original/5ZFUEOULaVml7pQuXxhpR2SmVUw.jpg,https://www.youtube.com/watch?v=8nm-Qd0zwJM
60,32608,시리즈,고대의 외계인,"다큐멘터리, 미스터리",12,20,"우주에서 온 지적 생명체가 수천 년 전에 지구를 방문했을까요? 공룡의 시대부터 고대 이집트까지, 초기 동굴 그림에서부터 미국에서 대량 목격까지, 각각의 에피소드는 이 오래된 논쟁을 둘러싼 질문, 추측, 자극적인 논쟁, 직접적인 설명과 근거 있는 이론들에 대한 역사적 깊이를 제공한다.","Robert Clotworthy, Giorgio A. Tsoukalos, Ariel Bar Tzadok",,https://image.tmdb.org/t/p/original/gYxKmkcldSDxaDUXnBKD0XnVVba.png,https://image.tmdb.org/t/p/original/8yR1FK6z1Gx0pyvyXRJrvbxOyuU.jpg,https://www.youtube.com/watch?v=SLHoeKZmV1U
61,32798,시리즈,하와이 파이브 오,"범죄, 드라마",16,10,하와이를 배경으로 범죄 조직에 맞서 싸우는 블록버스터 액션 드라마,"Alex O'Loughlin, Scott Caan, Ian Anthony Dale","Andie Neumann, Talia Gonzalez, Paul Grellong",https://image.tmdb.org/t/p/original/7jdKgmCQK5eNoxB44ptJnM5FCxq.png,https://image.tmdb.org/t/p/original/sIdCKlmM2nU4akIvFQaAIiU8YES.jpg,https://www.youtube.com/watch?v=xy30TGdaEAE
62,34307,시리즈,쉐임리스,"드라마, 코미디",19,11,미국 시카고 후미진 마을에서 힘겹게 살고 있는 싱글 대디 프랭크와 총명하고 독립적인 그의 여섯 자녀들의 리얼한 이야기,"윌리엄 H. 메이시, 제레미 앨런 화이트, Ethan Cutkosky","John Wells, Paul Abbott, Andrew Stearn",https://image.tmdb.org/t/p/original/vmxGfz06Eha0n1UvSckq907wFFz.png,https://image.tmdb.org/t/p/original/9akij7PqZ1g6zl42DQQTtL9CTSb.jpg,https://www.youtube.com/watch?v=9tvkYS5cA58
63,39351,시리즈,그림형제,"드라마, 미스터리",15,6,"훈훈한 외모의, 미모의 약혼녀까지 겸비한 형사 '닉'은 어느날 괴이한 경험을 하게 된다. 다른 사람들 눈에 보이지 않는 사람들의 숨겨진 얼굴이 보이고, 동화 속 인물들이 현실에 존재한다는 사실을 알게 된다. '그림'의 마지막 후손 닉! 인간들을 공격하는 그들로부터 현실세계를 지키기 위해 그의 특별한 수사가 시작된다.","David Giuntoli, Silas Weir Mitchell, Russell Hornsby","Neal Sopata, Richard Marvin, David Greenwalt",https://image.tmdb.org/t/p/original/nOPg4FutzDnPdwlXMDy8hVRuJAr.png,https://image.tmdb.org/t/p/original/iOptnt1QHi6bIHmOq6adnZTV0bU.jpg,https://www.youtube.com/watch?v=ElSANtJSrWQ
64,39852,시리즈,죄인,"범죄, 드라마",16,4,평범한 젊은 엄마가 처음 보는 남자를 칼로 찔러 죽인다. 그녀 자신마저 알 수 없는 이유로. 그녀를 동정하는 형사는 진실을 찾아 사라진 기억의 미궁 속으로 발을 들인다.,"빌 풀먼, 프랜시스 피셔, Alice Kremelberg","David DeMarinis, Daniel Vella, Ashley Nay",https://image.tmdb.org/t/p/original/xbOpER6gqANjw7GpQz3wfMzasRK.png,https://image.tmdb.org/t/p/original/rmibFGdqOe0kKKhPls0jVOdZCWw.jpg,https://www.youtube.com/watch?v=ZEfnpFuzxnE
65,39957,시리즈,퍼셉션,"범죄, 드라마, 미스터리",12,3,편집증에 환영까지 보는 천재 신경학 교수가 제자이자 FBI요원인 여주인공의 수사를 도와주면서 사건을 해결하는 내용을 다룬 드라마.,"Eric McCormack, Rachael Leigh Cook, Kelly Rowan",Arlene Halpenny-Heeley,,https://image.tmdb.org/t/p/original/5L6MsJVdMDbdGZ4P1lGBunOp0VZ.jpg,https://www.youtube.com/watch?v=9E9O-lYfBgQ
66,41149,시리즈,Die Rosenheim-Cops,Crime,12,23,,"Max Muller, Marisa Burger, Igor Jeftic",,,,https://www.youtube.com/watch?v=None
67,45854,시리즈,유희왕 ZEXAL,"애니메이션, 코미디",6,1,"근미래의 마을, 하트랜드 시티에서는 어른도 아이도 AR 듀얼에 열중하고 있다.

AR 듀얼이란, 「D-게이저」와 「D-패드」를 사용하는 듀얼로,

이 2가지를 사용하는 것으로,

지면에서, 하늘에서, 그리고 건물에서

몬스터가 현실에

튀어나와 맞부딪치는,

무지막지 박력 넘치는 듀얼!

이 마을에 사는 주인공 츠쿠모 유마도

이 듀얼에 열중하고 있지만,

실력은 초심자 레벨의 연전연패 챔피언.

어느 사건을 계기로, 학교 제일의 불량배 료가와

듀얼로 승부를 내게 된 유마.

이 듀얼이, 유마의 운명을 크게 바꿔놓는다...!

이 결투 중, 항상 유마의 꿈에 나오는 불길한 문이 돌연 나타난다.

굳게 닫혀 있던 문이 개방된 순간, 무수한 빛이 넘쳐 나와,

놀라서 옆을 올려다보니...

거기에는 이세계에서 온 수수께끼의 생명체 아스트랄이 서 있었다!

아스트랄의 잃어버린 기억, 99장의 넘버즈 카드를 되찾기 위해,

둘은 함께 행동하기로 한다.

아스트랄이 나타난 진정한 이유란?

그리고, 새로운 몬스터 「넘버즈 몬스터」의

존재는 도대체 무엇이란 말인가?

계속해서 유마의 앞에 나타나는 강력한 라이벌,

그리고 밝혀져가는 아스트랄의 수수께끼.

이 콤비에 의한 새로운 듀얼의 전설이 지금, 막을 연다!!","하타나카 타스쿠, 이리노 미유, 谷育子","Wataru Nakagawa, Satoshi Kuwabara, Shin Yoshida",,https://image.tmdb.org/t/p/original/3aZUtzeHQrLgQQdYNqHSbJqj59G.jpg,https://www.youtube.com/watch?v=ajFTuo6LQLc
68,46298,시리즈,헌터x헌터,애니메이션,12,3,주인공 곤 프릭스는 아버지 진 프릭스를 찾기 위해 헌터 시험에 응시한다. 그리고 그곳에서 새로운 친구들과 만나 모험을 떠난다.,"한 메구미, 이세 마리야, 二又一成","Hiroshi Koujina, Yoshihiro Togashi, Akira Shinohara",https://image.tmdb.org/t/p/original/aPCnfL0Tt4CxUXQLBIRmsbrF02X.png,https://image.tmdb.org/t/p/original/ucpgmUR1h5Te1BYegKItoPjOeF7.jpg,https://www.youtube.com/watch?v=qibSkLoSVAA
69,46896,시리즈,오리지널스,"드라마, 미스터리",15,5,"뱀파이어 다이어리 스핀오프 시리즈. 최초의 뱀파이어인 클라우스, 일라이자, 레베카가 주인공이다. 클라우스는 그의 후계자 마르셀이 지배하는 뉴올리언스로 돌아온다. 반면, 늑대인간인 헤일리는 클라우스의 아이를 임신한 채로 뉴올리언스에 등장하고, 클라우스는 자신의 왕국을 재건하고 후계자를 맞아들이려 한다.","Joseph Morgan, Daniel Gillies, Charles Michael Davis",,https://image.tmdb.org/t/p/original/eRoXDZocWwBHFZcLAmj8ASVZ9Eu.png,https://image.tmdb.org/t/p/original/2llbXc2BOkLkBGgcNJCRbrWedUO.jpg,https://www.youtube.com/watch?v=GXrDYboUnnw
70,49009,시리즈,골드버그 패밀리,"가족, 코미디",12,10,"육아 블로그가 생기고, 트로피가 등장하고, 땅콩 알레르기가 유행하기 전에는 80년대라는 단순한 시대가 있었다.

괴짜 11살 아담에게 이 시기는 경이로운 시절이었고, 그는 비디오 카메라로 무장하고 그 모든 신기한 장면을 카메라에 담았다. 골드버그 가족은 다른 가족들과 마찬가지로 사랑스러운 가족이었지만 고성이 끊이지 않는다..","Wendi McLendon-Covey, Sean Giambrone, Troy Gentile","Demetrios Katsantonis, Adam F. Goldberg",https://image.tmdb.org/t/p/original/uQ2lw8cFij434Y5ychYUxW8oxUo.png,https://image.tmdb.org/t/p/original/pZyaKyry0V1muunoTt6pZ6cLduR.jpg,https://www.youtube.com/watch?v=Q_BJzU0ulLE
71,56296,시리즈,오펀 블랙,드라마,19,5,"세라는 자신과 똑 닮은 여성이 자살하는 충격적인 장면을 목격하고, 죽은 이의 신분으로 위장한 채 새로운 인생을 살려고 한다.","Tatiana Maslany, Jordan Gavaris, Josh Vokey","Jessica Stein, Darci Cheyne, Andrea Boyd",https://image.tmdb.org/t/p/original/b9LYnRp4eEX2280BOCPBALI5Via.png,https://image.tmdb.org/t/p/original/xKo79AxtabAFoJTqz4RuC3APND4.jpg,https://www.youtube.com/watch?v=OcnIQeWY6MA
72,57243,시리즈,닥터 후,드라마,15,13,타임로드라는 종족의 외계인인 닥터가 그의 동료들과 함께 시공간을 누비는 여행을 하며 때때로 지구와 인류 그리고 우주를 구하는 이야기.,"Jodie Whittaker, Mandip Gill, John Bishop","Claire Pritchard, Claire Pritchard, Andy Pryor",https://image.tmdb.org/t/p/original/r6aeDXC3UE8PfzdorYfQWpPJTho.png,https://image.tmdb.org/t/p/original/4edFyasCrkH4MKs6H4mHqlrxA6b.jpg,https://www.youtube.com/watch?v=8L1kU45poro
73,58841,시리즈,시카고 PD,"범죄, 드라마",15,11,"시카고 경찰들의 이야기. 일선에서 직접 범죄자들과 싸우는 제복 경찰들과, 조직범죄나 마약밀매 등의 범죄를 조사하는 정보팀 소속 대원들의 활약을 그린다.","Jason Beghe, Tracy Spiridakos, Marina Squerciati","Dick Wolf, Matt Olmstead, Peter Jankowski",https://image.tmdb.org/t/p/original/mcwj8Di0nBdaraQrMji6VauMBeZ.png,https://image.tmdb.org/t/p/original/mZObarMPF76PGVmwywQ7Ks4UFpR.jpg,https://www.youtube.com/watch?v=NZcr9IFS9R0
74,59941,시리즈,The Tonight Show Starring Jimmy Fallon,,16,11,"After Jay Leno's second retirement from the program, Jimmy Fallon stepped in as his permanent replacement. After 42 years in Los Angeles the program was brought back to New York.","Jimmy Fallon, Steve Higgins","Lorne Michaels, Mario Martines, Jimmy Fallon",,https://image.tmdb.org/t/p/original/g4amxJvtpnY79J77xeamnAEUO8r.jpg,https://www.youtube.com/watch?v=None
75,60625,시리즈,릭 앤 모티,"애니메이션, 코미디",19,7,술에 절어 사는 천재 과학자 릭은 투정이 심한 10대 손자 모티를 데리고 외계와 대체 현실로 아슬아슬한 모험을 떠난다.,"Chris Parnell, Spencer Grammer, Sarah Chalke","Anthony Alfonso, Grace Freud, Cody Ziglar",https://image.tmdb.org/t/p/original/wq3wqFLwwqnhG6DxmSji9ehLcx6.png,https://image.tmdb.org/t/p/original/gdIrmf2DdY5mgN6ycVP0XlzKzbE.jpg,https://www.youtube.com/watch?v=p_bH42OiUo4
76,61378,시리즈,마담 세크리터리,드라마,15,6,전임자의 갑작스러운 사망으로 국무장관에 임명된 전직 CIA 요원 엘리자베스. 국내외 현안을 책임지는 동시에 아내와 엄마의 역할도 소홀하지 않고자 동분서주한다.,"테아 레오니, Tim Daly, Zeljko Ivanek","Eric Stoltz, Ken Teaney, Robin Harlan",https://image.tmdb.org/t/p/original/v2lhWorIskFunq2vwzBrtbeWuWR.png,https://image.tmdb.org/t/p/original/6Nl1ablo4DNTLb4ZH7Mycz81AEt.jpg,https://www.youtube.com/watch?v=dR9dEhaCnhA
77,61733,시리즈,엠파이어,드라마,16,6,"힙합 가수이자 엠파이어 엔터테인먼트의 CEO인 루시어스 라이언. 늘 어려움 없이 권력을 휘두르던 3년 내로 몸을 쓰지 못하게 될 거라는 의사의 진단을 받으면서 굶주린 상어 떼가 몰려드는데. 그는 가족 사이가 더 틀어지지 않게 지키면서도, 세 아들 중 누구에게 자신의 자리를 물려줄지 결정해야 한다. 루시어스가 가장 사랑하는 막내 하킴은 타고난 음악가지만 노력보다 명성을 중시한다. 둘째 자말은 재능이 있지만 쑥스러움을 타는 성격인 데다 동성애자라는 점이 라이언에게는 낯부끄럽다. 장남 안드레는 사업 수완이 있지만 카리스마가 부족하다. 한편, 라이언의 전 아내 쿠키가 다시 나타나면서 상황은 더 복잡해진다. 라이언의 무명 시절에 마약 거래로 생활비를 마련했던 그녀는 고생에 대한 보상을 요구하는데...","테런스 하워드, 터라지 P. 헨슨, Bryshere Y. Gray",Lee Daniels,https://image.tmdb.org/t/p/original/tCxJHzyFPHB5OIHdbk0wQCuEnRm.png,https://image.tmdb.org/t/p/original/gTrzYR6gWMhQ8yINW9JCLeoJHvf.jpg,https://www.youtube.com/watch?v=3IpVV7xDMIo
78,61818,시리즈,Late Night with Seth Meyers,,,11,"Seth Meyers, who is ""Saturday Night Live’s"" longest serving anchor on the show’s wildly popular ""Weekend Update,"" takes over as host of NBC’s ""Late Night"" ? home to A-list celebrity guests, memorable comedy and the best in musical talent. As the Emmy Award-winning head writer for ""SNL,"" Meyers has established a reputation for sharp wit and perfectly timed comedy, and has gained fame for his spot-on jokes and satire. Meyers takes his departure from ""SNL"" to his new post at ""Late Night,"" as Jimmy Fallon moves to ""The Tonight Show"".",Seth Meyers,,,https://image.tmdb.org/t/p/original/g6MrJxNaHYGYU7Sxo72e5B8gKOV.jpg,https://www.youtube.com/watch?v=rLwbzGyC6t4
79,62688,시리즈,슈퍼걸,드라마,15,6,재난을 막기 위해 자신의 초능력과 정체를 드러낸 카라 댄버스. 슈퍼맨의 사촌이자 슈퍼걸로 알려진 그녀가 내셔널 시티의 수호자로 나선다.,"멜리사 베노이스트, Chyler Leigh, David Harewood","Karen Maser, Jay Faerber, J. Holtham",https://image.tmdb.org/t/p/original/uN3wd0a3QEpIIKEmXVGmIa1Gw22.png,https://image.tmdb.org/t/p/original/vqBsgL9nd2v04ZvCqPzwtckDdFD.jpg,https://www.youtube.com/watch?v=Mh8MYFadTmQ
80,63770,시리즈,The Late Show with Stephen Colbert,,,9,"Stephen Colbert brings his signature satire and comedy to The Late Show with Stephen Colbert, the #1 show in late night, where he talks with an eclectic mix of guests about what is new and relevant in the worlds of politics, entertainment, business, music, technology, and more. Featuring bandleader Jon Batiste with his band Stay Human, the Emmy Award-nominated show is broadcast from the historic Ed Sullivan Theater. Stephen Colbert, Chris Licht, Tom Purcell, and Jon Stewart are executive producers. Barry Julien and Denise Rehrig serve as co-executive producers.must watch",Stephen Colbert,,https://image.tmdb.org/t/p/original/wdjsrCJWXtwNpW9NmtpcTJqOCNY.png,https://image.tmdb.org/t/p/original/9jkThAGYj2yp8jsS6Nriy5mzKFT.jpg,https://www.youtube.com/watch?v=nWufb0qL1xU
81,65701,시리즈,Good Mythical Morning,Comedy,,25,"Two ""Internetainers"" (Rhett & Link) go far out and do the weirdest  things, giving you a daily dose of casual comedy every Monday-Friday.","Link Neal, Rhett McLaughlin",,,https://image.tmdb.org/t/p/original/2Fja87aTeuXxTEI1MH2IuHHSsLq.jpg,https://www.youtube.com/watch?v=1iLbfGIygO0
82,66465,시리즈,The Kapil Sharma Show,,,3,,"Kapil Sharma, Archana Puran Singh, Krishna Abhishek",,,https://image.tmdb.org/t/p/original/fBPNBNFmcwhYXUpkW2Kb6jbeJOR.jpg,https://www.youtube.com/watch?v=None
83,71712,시리즈,굿 닥터,드라마,15,7,자폐증을 가진 젊은 외과 의사가 명문 병원에 들어가게된다. 이에 사람들과 소통하지 못하는 의사가 사람의 목숨을 구할 수 있을 까 하는 의문이 제기되는데...,"프레디 하이모어, Fiona Gubelmann, Will Yun Lee",박재범,https://image.tmdb.org/t/p/original/zhHSO2xwslKy1PsDltKslEh0rjj.svg,https://image.tmdb.org/t/p/original/pFqzXacKsi9or1GVdxTLutXD9zM.jpg,https://www.youtube.com/watch?v=lnY9FWUTY84
84,71728,시리즈,영 셸든,"코미디, 가족",12,7,'빅뱅이론'의 주인공 셸든 쿠퍼의 어린 시절을 다룬 이야기.,"Iain Armitage, Zoe Perry, Lance Barber",,https://image.tmdb.org/t/p/original/phbaDwOu5BKrWpN3FiKgFRxhkn4.png,https://image.tmdb.org/t/p/original/tKwjkqTSq5fJdSxIk4yOh61tOKD.jpg,https://www.youtube.com/watch?v=FStMMcj-RiA
85,71790,시리즈,스와트,"범죄, 드라마",12,7,"로스앤젤레스에서 발생하는 특수임무를 수행하는 특수 기동대, S.W.A.T.은 리더 혼도의 지휘 아래, 팀원들은 꼬리에 꼬리를 무는 사건과 그 뒤에 숨은 거대한 세력에 맞서 도시를 지킨다.","Shemar Moore, Jay Harrington, David Lim",,https://image.tmdb.org/t/p/original/uBxIeTKeYhtdI8TtWYqIrAgFvSt.png,https://image.tmdb.org/t/p/original/1l7vsAIkqOzrqiPwjO27Cb5QdfJ.jpg,https://www.youtube.com/watch?v=HHVae76dbqI
86,72002,시리즈,다이너스티: 1%의 1%,드라마,15,5,모든 것을 가진 두 가문 캐링턴과 콜비. 그들이 격돌한다. 막대한 부를 차지하고 자식들을 길들이기 위해. 새로운 모습으로 돌아온 80년대 미국 드라마의 전설.,"Elizabeth Gillies, Grant Show, Daniella Alonso",,https://image.tmdb.org/t/p/original/pFjglX2YwbbfogHh32VakoffjRr.png,https://image.tmdb.org/t/p/original/rVQ35erLIoV8hyh7lIKAMiChmOO.jpg,https://www.youtube.com/watch?v=PzBX_c-F6sk
87,78191,시리즈,너의 모든 것,드라마,19,5,"지적이고 영리한 서점 직원. 하지만 위험한 내면을 지닌 그가 작가 지망생에게 반한다. 마음이 끌리는 사람에게 다가가기 위해서라면, 무슨 짓이든 할 수 있다. 위험한 매력의 소유자, 집착의 끝을 보여주는 남자. 그의 소름 끼치는 로맨스가 시작된다.","Penn Badgley, Charlotte Ritchie, Tilly Keeper",,https://image.tmdb.org/t/p/original/VeNCc4i7LbRQpwC1mYl5jtBzFM.png,https://image.tmdb.org/t/p/original/7bEYwjUvlJW7GerM8GYmqwl4oS3.jpg,https://www.youtube.com/watch?v=ga1m0wjzscU
88,79460,시리즈,레가시,드라마,12,4,오리지널스의 스핀오프 드라마,"Danielle Rose Russell, Aria Shahghasemi, Matthew Davis","Hannah Rosner, Julie Plec, Dort Clark",https://image.tmdb.org/t/p/original/jWzCnGEVWHUnMQ8ZIqs1LRcNjtu.png,https://image.tmdb.org/t/p/original/qTZIgXrBKURBK1KrsT7fe3qwtl9.jpg,https://www.youtube.com/watch?v=xHHM5VTATJo
89,82873,시리즈,The Kelly Clarkson Show,Talk,,5,"Kelly Clarkson presents the biggest newsmakers and names in film, television and music; as well as emerging new talent and everyday people who are beacons of hope in their communities.",Kelly Clarkson,,,https://image.tmdb.org/t/p/original/9Gg1oM8Us8gCS5aJA8e0ZRuIHnf.jpg,https://www.youtube.com/watch?v=BhrdON83gqk
90,94722,시리즈,Tagesschau,News,,73,"German daily news program, the oldest still existing program on German television.",,,,,https://www.youtube.com/watch?v=None
91,132544,시리즈,"위대한 수업, 그레이트 마인즈",다큐멘터리,ALL,3,"2021년 8월 EBS에서 방영을 시작한 시사 교양 프로그램. 교육부, 국가평생교육진흥원과 EBS가 공동 기획한 이번 강연은 한국형 온라인 공개강좌(K-MOOC) 사업의 하나로, 코로나19 장기화에 계층간 지식 격차가 심화하고 소셜미디어를 통해 가짜 정보가 쏟아지는 가운데, 세계 최고 수준의 지식을 대중적으로 보급하자는 취지로 기획됐다. 노벨 경제학상에 빛나는 폴 크루그먼, 정의란 무엇인가의 마이클 샌델, 세계적 지휘자 겸 피아니스트 다니엘 바렌보임 등 지금 현재 세계를 이끌고 있는 지성들의 위대한 생각을 듣는다.",,,,,https://www.youtube.com/watch?v=None
92,204746,시리즈,The Jennifer Hudson Show,Talk,,2,Talented entertainer and newly-minted EGOT Jennifer Hudson takes on the daytime talk show landscape.,Jennifer Hudson,"Jennifer Hudson, Andy Lassner, Corey Palent",,https://image.tmdb.org/t/p/original/6VBNeo8XG90sNKWYQ0yTEmVBXHJ.jpg,https://www.youtube.com/watch?v=ZMPpLofgSTM
93,206559,시리즈,Binnelanders,Soap,,19,"A South African Afrikaans soap opera. It is set in and around the fictional private hospital, Binneland Kliniek, in Pretoria, and the storyline follows the trials, trauma and tribulations of the staff and patients of the hospital.","Hans Strydom, Reynardt Hugo, Hykie Berg",Jak de Priester,,,https://www.youtube.com/watch?v=Uegxh8K8g3E
94,206679,시리즈,Na lovu,,,5,"Na Lovu is a Czech game-show, based on the license of the popular global format The Chase. A heart-racing quiz show where four competitors must pit their wits and face off against Lovec (the Chaser), a ruthless quiz genius determined to stop them from winning cash prizes.","Dagmar Jandova, Jakub Kva?ovsky, Vaclav Slabyhoudek","Michael ?ech, Veronika Mikyskova, Lenka Rychtecka",,,https://www.youtube.com/watch?v=3qMx-Sdsc_8
95,223365,시리즈,Rebirth,,,1,"After making a pact with Jequitiba, Jose Inocencio becomes a mythical figure, known as the most successful cocoa farmer in the region. While still young, he wins the heart of Maria Santa. Their intense passion results in four children: Jose Augusto, Jose Bento, Jose Venancio, and the youngest, Joao Pedro, who never had the opportunity to know his mother, as she dies while giving birth to him. This tragedy fuels Jose Inocencio’s anger, blaming Joao Pedro for the loss of his great love. Throughout their lives, indifference and resentment mark the relationship between the father and his youngest son. As if the past weren’t enough, years later, the arrival of the mysterious Mariana puts all these emotions to the test when both father and son fall in love with the same woman. This situation reawakens feelings that were either dormant or previously unknown to them.","Marcos Palmeira, Theresa Fonseca, Juan Paiva","Bruno Luperi, Gustavo Fernandez, Benedito Ruy Barbosa",,,https://www.youtube.com/watch?v=None
96,231418,시리즈,Salon de te La Moderna,,12,2,,,,,,https://www.youtube.com/watch?v=None
97,234512,시리즈,Leading Role,Drama,,2,"At the center of this story is Aurora Guerra, a popular actress who became a star in the teen series ""The Chosen Ones"" at an early age. Irene and Julio, Aurora's parents, signed her up for a casting several years ago and the matriarch, realizing that the decision was between her and another girl, managed to play the casting director in Aurora's favor. Lucia has the same dream: to be a successful actress and decides to apply for the casting as well, but she soon realizes Irene's scheme and decides to confront her. After a violent argument between the two, Lucia ends up having an accident that almost took her life and killed her chance of becoming an actress, due to the physical disabilities she was left with. Twenty years later, Lucia is determined to take revenge. The young woman wants to get back what she believes Aurora has taken from her, far from imagining that she is just a victim of Irene's evil deeds.",,,,https://image.tmdb.org/t/p/original/t0ZWTCP451IgzMgHSPDBenpLG1W.jpg,https://www.youtube.com/watch?v=None
98,235484,시리즈,Suidooster,Soap,,10,"Suidooster is a South African television soap opera produced by Suidooster Films which revolves around a matriarch, her family, friends and the people of Suidooster, a small shopping and business centre in the fictional Cape Town suburb of Ruiterbosch.","Theresa Sedras, Portia Joel, Denise Newman",,,,https://www.youtube.com/watch?v=None
99,237480,시리즈,No Rancho Fundo,,,1,,"Larissa Bocchino, Andrea Beltrao, Alexandre Nero","Mario Teixeira, Allan Fiterman, Natascha Falcao",,,https://www.youtube.com/watch?v=None
100,240909,시리즈,La Casa de los Famosos Colombia,Reality,,1,,"Carla Giraldo, Cristina Hurtado, Martha Isabel Bolanos",,,,https://www.youtube.com/watch?v=None
